-- MySQL dump 10.13  Distrib 8.0.30, for Linux (x86_64)
--
-- Host: localhost    Database: xproject
-- ------------------------------------------------------
-- Server version	8.0.30-0ubuntu0.20.04.2

/*!40101 SET @OLD_CHARACTER_SET_CLIENT=@@CHARACTER_SET_CLIENT */;
/*!40101 SET @OLD_CHARACTER_SET_RESULTS=@@CHARACTER_SET_RESULTS */;
/*!40101 SET @OLD_COLLATION_CONNECTION=@@COLLATION_CONNECTION */;
/*!50503 SET NAMES utf8mb4 */;
/*!40103 SET @OLD_TIME_ZONE=@@TIME_ZONE */;
/*!40103 SET TIME_ZONE='+00:00' */;
/*!40014 SET @OLD_UNIQUE_CHECKS=@@UNIQUE_CHECKS, UNIQUE_CHECKS=0 */;
/*!40014 SET @OLD_FOREIGN_KEY_CHECKS=@@FOREIGN_KEY_CHECKS, FOREIGN_KEY_CHECKS=0 */;
/*!40101 SET @OLD_SQL_MODE=@@SQL_MODE, SQL_MODE='NO_AUTO_VALUE_ON_ZERO' */;
/*!40111 SET @OLD_SQL_NOTES=@@SQL_NOTES, SQL_NOTES=0 */;

--
-- Table structure for table `applications`
--

DROP TABLE IF EXISTS `applications`;
/*!40101 SET @saved_cs_client     = @@character_set_client */;
/*!50503 SET character_set_client = utf8mb4 */;
CREATE TABLE `applications` (
  `id_application` varchar(255) NOT NULL,
  `password_application` varchar(255) NOT NULL,
  `user_id` int NOT NULL,
  `id_requete` int NOT NULL,
  `date_migration` timestamp NOT NULL,
  PRIMARY KEY (`id_application`),
  KEY `fk_application` (`id_requete`),
  KEY `fk_application2` (`user_id`),
  CONSTRAINT `fk_application` FOREIGN KEY (`id_requete`) REFERENCES `requete` (`id_requete`),
  CONSTRAINT `fk_application2` FOREIGN KEY (`user_id`) REFERENCES `users` (`id`)
) ENGINE=InnoDB DEFAULT CHARSET=utf8mb4 COLLATE=utf8mb4_0900_ai_ci;
/*!40101 SET character_set_client = @saved_cs_client */;

--
-- Dumping data for table `applications`
--

LOCK TABLES `applications` WRITE;
/*!40000 ALTER TABLE `applications` DISABLE KEYS */;
INSERT INTO `applications` VALUES ('3fcb64c0-9402-4fab-9dc0-8c9760732e18','[C@79d97b6c',98,8,'2022-09-29 14:17:44'),('7f218e21-49b7-4fd6-9457-df8c662d0668','[C@25a9dbaa',98,9,'2022-09-29 14:17:49'),('d2655bbc-d801-4040-9646-6e207dfd3a62','[C@7af1f68c',100,10,'2022-09-29 14:18:04');
/*!40000 ALTER TABLE `applications` ENABLE KEYS */;
UNLOCK TABLES;

--
-- Table structure for table `demande_paiement`
--

DROP TABLE IF EXISTS `demande_paiement`;
/*!40101 SET @saved_cs_client     = @@character_set_client */;
/*!50503 SET character_set_client = utf8mb4 */;
CREATE TABLE `demande_paiement` (
  `id_demande_paiement` int NOT NULL AUTO_INCREMENT,
  `id_user` int NOT NULL,
  `traitee_par` int DEFAULT NULL,
  `status` enum('EN COURS','SUCCESSFUL','FAILED') NOT NULL,
  `motif` text,
  `date_demande` timestamp NOT NULL,
  `numero_demande` varchar(10) DEFAULT NULL,
  PRIMARY KEY (`id_demande_paiement`),
  KEY `demande_paiement2` (`id_user`),
  KEY `demande_paiement3` (`traitee_par`),
  CONSTRAINT `demande_paiement2` FOREIGN KEY (`id_user`) REFERENCES `users` (`id`),
  CONSTRAINT `demande_paiement3` FOREIGN KEY (`traitee_par`) REFERENCES `users` (`id`)
) ENGINE=InnoDB AUTO_INCREMENT=29 DEFAULT CHARSET=utf8mb4 COLLATE=utf8mb4_0900_ai_ci;
/*!40101 SET character_set_client = @saved_cs_client */;

--
-- Dumping data for table `demande_paiement`
--

LOCK TABLES `demande_paiement` WRITE;
/*!40000 ALTER TABLE `demande_paiement` DISABLE KEYS */;
INSERT INTO `demande_paiement` VALUES (19,100,96,'SUCCESSFUL',NULL,'2022-09-30 12:13:05','677777777'),(20,98,96,'FAILED',NULL,'2022-09-30 14:48:38','681234554'),(21,98,NULL,'EN COURS',NULL,'2022-09-30 14:50:56','677877656'),(22,98,96,'FAILED',NULL,'2022-09-30 14:51:31','677998734'),(23,98,96,'SUCCESSFUL',NULL,'2022-09-30 14:52:17','677876545'),(24,98,96,'FAILED',NULL,'2022-09-30 14:59:33','682345678'),(25,98,NULL,'EN COURS',NULL,'2022-09-30 15:00:22','675675445'),(26,100,96,'SUCCESSFUL',NULL,'2022-10-03 10:23:55','677995678'),(27,98,NULL,'EN COURS',NULL,'2022-10-06 08:49:41','677998765'),(28,98,NULL,'EN COURS',NULL,'2022-10-06 08:55:09','677877656');
/*!40000 ALTER TABLE `demande_paiement` ENABLE KEYS */;
UNLOCK TABLES;

--
-- Table structure for table `demandes_reponses`
--

DROP TABLE IF EXISTS `demandes_reponses`;
/*!40101 SET @saved_cs_client     = @@character_set_client */;
/*!50503 SET character_set_client = utf8mb4 */;
CREATE TABLE `demandes_reponses` (
  `id_demande_paiement` int NOT NULL,
  `id_reponse` int NOT NULL,
  PRIMARY KEY (`id_demande_paiement`,`id_reponse`),
  KEY `fkdemandes_reponses1` (`id_reponse`),
  CONSTRAINT `demandes_reponses2` FOREIGN KEY (`id_demande_paiement`) REFERENCES `demande_paiement` (`id_demande_paiement`),
  CONSTRAINT `fkdemandes_reponses1` FOREIGN KEY (`id_reponse`) REFERENCES `reponses_requete` (`id_reponse`)
) ENGINE=InnoDB DEFAULT CHARSET=utf8mb4 COLLATE=utf8mb4_0900_ai_ci;
/*!40101 SET character_set_client = @saved_cs_client */;

--
-- Dumping data for table `demandes_reponses`
--

LOCK TABLES `demandes_reponses` WRITE;
/*!40000 ALTER TABLE `demandes_reponses` DISABLE KEYS */;
INSERT INTO `demandes_reponses` VALUES (19,67),(20,69),(28,69),(21,70),(21,71),(21,72),(22,73),(24,73),(23,74),(24,75),(25,76),(27,82),(26,83);
/*!40000 ALTER TABLE `demandes_reponses` ENABLE KEYS */;
UNLOCK TABLES;

--
-- Table structure for table `paiement_client`
--

DROP TABLE IF EXISTS `paiement_client`;
/*!40101 SET @saved_cs_client     = @@character_set_client */;
/*!50503 SET character_set_client = utf8mb4 */;
CREATE TABLE `paiement_client` (
  `id_paiement` int NOT NULL AUTO_INCREMENT,
  `id_user_traitement` int NOT NULL,
  `id_userfinal` int NOT NULL,
  `id_transaction` varchar(255) DEFAULT NULL,
  `numero_client` varchar(255) DEFAULT NULL,
  `numero_destinataire` varchar(255) DEFAULT NULL,
  `montant_initial` varchar(255) DEFAULT NULL,
  `montant_final` varchar(255) DEFAULT NULL,
  `monnaie` varchar(255) DEFAULT NULL,
  `party_id_type` varchar(255) DEFAULT NULL,
  `payee_note` text,
  `payer_message` text,
  `token` text,
  `api_user` varchar(255) DEFAULT NULL,
  `api_key` varchar(255) DEFAULT NULL,
  `status` enum('SUCCESSFUL','FAILED') NOT NULL,
  `id_demande_paiement` int DEFAULT NULL,
  `motif` varchar(255) DEFAULT NULL,
  `date_paiement` timestamp NOT NULL,
  PRIMARY KEY (`id_paiement`),
  KEY `fk_paiement_client2` (`id_user_traitement`),
  KEY `fk_paiement_client3` (`id_userfinal`),
  KEY `fk_paiement_client4` (`id_demande_paiement`),
  CONSTRAINT `fk_paiement_client2` FOREIGN KEY (`id_user_traitement`) REFERENCES `users` (`id`),
  CONSTRAINT `fk_paiement_client3` FOREIGN KEY (`id_userfinal`) REFERENCES `users` (`id`),
  CONSTRAINT `fk_paiement_client4` FOREIGN KEY (`id_demande_paiement`) REFERENCES `demande_paiement` (`id_demande_paiement`)
) ENGINE=InnoDB AUTO_INCREMENT=17 DEFAULT CHARSET=utf8mb4 COLLATE=utf8mb4_0900_ai_ci;
/*!40101 SET character_set_client = @saved_cs_client */;

--
-- Dumping data for table `paiement_client`
--

LOCK TABLES `paiement_client` WRITE;
/*!40000 ALTER TABLE `paiement_client` DISABLE KEYS */;
INSERT INTO `paiement_client` VALUES (1,96,100,NULL,NULL,NULL,NULL,NULL,NULL,NULL,NULL,NULL,NULL,NULL,NULL,'FAILED',NULL,NULL,'2022-09-30 11:21:51'),(2,96,100,'115948660','656607817','677995386','2800','2730','EUR','MSISDN','FGHGFH','strRHRFHing','eyJ0eXAiOiJKV1QiLCJhbGciOiJSMjU2In0.eyJjbGllbnRJZCI6IjRlYjBlMTJlLWRiZDAtNDU3Zi04YzdiLTNhYzBlNzYyMmNhMiIsImV4cGlyZXMiOiIyMDIyLTA5LTMwVDE2OjMzOjU0LjUzNSIsInNlc3Npb25JZCI6IjhjYTgxMGZjLWIzYzAtNDIyMC1iZGE5LTg5MGM3MzFhNDdmZSJ9.A7qsXRGz-0YUQtZBIv6iqbpxVOLuMCKdb-CGrDLai3jOYo6wb6xoETgQPMTvPKdRj6LZMZxVjXnaI-Go5lUXYoTlowKWFQpJkkMieIVK80Q7s9MOopI9Z0sNuaOm_sQM5Hwn_CTU2B2w9eUOchXqSI9kMA6wg1ApjUcvJCy2-TfjpoX8_eJtLmf12iD0gWvx-s1W67yqH5Uo9m5RHbDfz-49H3zMCmz0LqOwO3EvkFYTyegEeXRBM3NV8AZ-8akbkDru6T0qdMIdpKs-jNrr2b8WLjexEhLravGjF5UUttCg9CwoOUZLYFXYY-AxoBXWl7zLDYlneoPgVzz4qSn5qQ','4eb0e12e-dbd0-457f-8c7b-3ac0e7622ca2','b39b0d08bf87460a946b51ecb62e67ed','SUCCESSFUL',NULL,NULL,'2022-09-30 11:27:56'),(3,96,98,NULL,NULL,NULL,NULL,NULL,NULL,NULL,NULL,NULL,NULL,NULL,NULL,'FAILED',NULL,NULL,'2022-09-30 11:27:56'),(4,96,98,NULL,NULL,NULL,NULL,NULL,NULL,NULL,NULL,NULL,NULL,NULL,NULL,'FAILED',NULL,NULL,'2022-09-30 11:28:59'),(5,96,98,NULL,NULL,NULL,NULL,NULL,NULL,NULL,NULL,NULL,NULL,NULL,NULL,'FAILED',NULL,NULL,'2022-09-30 11:32:18'),(7,96,98,NULL,NULL,NULL,NULL,NULL,NULL,NULL,NULL,NULL,NULL,NULL,NULL,'FAILED',NULL,NULL,'2022-09-30 11:54:58'),(8,96,98,NULL,NULL,NULL,NULL,NULL,NULL,NULL,NULL,NULL,NULL,NULL,NULL,'FAILED',NULL,NULL,'2022-09-30 11:58:46'),(9,96,98,NULL,NULL,NULL,NULL,NULL,NULL,NULL,NULL,NULL,NULL,NULL,NULL,'FAILED',NULL,NULL,'2022-09-30 12:02:19'),(10,96,98,NULL,NULL,NULL,NULL,NULL,NULL,NULL,NULL,NULL,NULL,NULL,NULL,'FAILED',NULL,NULL,'2022-09-30 12:04:19'),(11,96,98,NULL,NULL,NULL,NULL,NULL,NULL,NULL,NULL,NULL,NULL,NULL,NULL,'FAILED',NULL,NULL,'2022-09-30 12:08:11'),(12,96,98,'1171415172','656607817','677995386','19590','19100','EUR','MSISDN','FGHGFH','strRHRFHing','eyJ0eXAiOiJKV1QiLCJhbGciOiJSMjU2In0.eyJjbGllbnRJZCI6ImIzMDVhMDQ1LWU1YTUtNDk5Mi05NTkxLWVlNWExNWIxOTUxOCIsImV4cGlyZXMiOiIyMDIyLTA5LTMwVDE3OjE4OjQxLjg0NyIsInNlc3Npb25JZCI6IjUxOWFkYTAzLWUxN2QtNGJmZC1iODljLTFiMzRkN2FjYzljYyJ9.HTE3RmT38qTs7yGZi77hK5LHyMArZN-C86Dyj_sk9XouX-KNgMBtswbRz4A7f3alYDI_fNv8gEyYfmuyPOQnenKASmLhYQ2lr1wOdIQwcP5FZ-P8Zu5KV70Ce63by5Yw8Y76uz8-gr1N4X1brHqTAxdGTzwYICduXFAjuj_bFOSPfkU3jaFVGiSWaN4JsgyuNWxObbwSiAr5JLix32FPvrKGyyd5SzBPYN5XP92Um6nblDUVa7zBK86GhqpSzCU-3UTqUqrOp4rjL1Gb4_dng8kfa0pGLEOfsA4asM7haBU-W2DT4cVYbV-o4gg7h4C64Gi75yT04m_OXqTKLNMnfQ','b305a045-e5a5-4992-9591-ee5a15b19518','3f7098d89acf4a64b29ac0c7ce5ae201','SUCCESSFUL',NULL,NULL,'2022-09-30 12:12:13'),(13,96,100,'1935460601','656607817','677777777','1900','1852','EUR','MSISDN','FGHGFH','strRHRFHing','eyJ0eXAiOiJKV1QiLCJhbGciOiJSMjU2In0.eyJjbGllbnRJZCI6ImNkN2VhYWJkLTY4Y2MtNGU3Ny05Nzc3LWE4M2NkY2Y1YjYyYyIsImV4cGlyZXMiOiIyMDIyLTA5LTMwVDE3OjE5OjU3Ljg3NyIsInNlc3Npb25JZCI6IjUxNWZhM2EzLTMzMmItNDQ0OS1hNzk4LTRjNWYyYmRhMGUxMiJ9.P57dYrExZhzQO_82_xW1NQKNsO7GZFCVN8ihuEiSqIh2n33BzG2bllMosr3NTOQ3Kx0JdO20o89CUBHmhIELKw9gIF_XK8CBDE_wEcQPgdr1Z_jmVulpqPb03QW1lzaxfiTpOvNfPaBkYQdCOEnGrWy6-OmaeToBlVj5JArwATO5EIVF_-DaS4olXcRd1V4NAHlaD6fV_tbGLnnucMFVwK-01rtJLrlPa3oeq5SJOhMoI8azc6FhMEXdUK1A0XxKN20ZhAEgsLwoTZl_m3UE4XYaKVlQsrBcfn-l2hURTjSu6v8sps6oVkZaK5uRfhQtrrOxluKvCgnVOD7ix_8Tog','cd7eaabd-68cc-4e77-9777-a83cdcf5b62c','a993bff0cd9240b09b402d51310baff4','SUCCESSFUL',19,NULL,'2022-09-30 12:13:37'),(14,96,98,'1195875042','656607817','677876545','870','848','EUR','MSISDN','FGHGFH','strRHRFHing','eyJ0eXAiOiJKV1QiLCJhbGciOiJSMjU2In0.eyJjbGllbnRJZCI6IjgwMTA0NmI0LWM4NmMtNDljYy1hNDI5LWQ1MDUyMzZkOGE1YyIsImV4cGlyZXMiOiIyMDIyLTA5LTMwVDIwOjAwOjE3LjMwOCIsInNlc3Npb25JZCI6IjU5ZDYxOTM1LWI0MTMtNDdiMy04MTliLWU3Y2FlNzIxMTAzMSJ9.yLmRe2i3ELdNDRqJdhC8wMg3UsL-IdifOPJC2Ef-bN1lmYPzpfvz7USQK2kB_lGYBZvxE4QpIjmQO15qFux8o01CRz_ulpGtIg2C0gidF3FOX_yAvYj8sDPgdAlKu6N1bLfcmGSDpfT8eZiHM6DRdDeJ9UTqwlO1L-D_gFV8bRH_URaDXCZfDaO9hjD0AGsKFRTp7GCHiwhH2Ea7Rkw4yz1MexWWK1O614Js5JT5FzNpu8UuMdYyUl_B12jklTQhqBojBKZ1z00MOyHGsEcypSnVeg9XdZtIN-2C-GYdgk-BlZdgzYEVig12TeRmRmm_Wei9qPL2FVCBKobeQBPl3A','801046b4-c86c-49cc-a429-d505236d8a5c','fb985dc741ea49b7beeda666dce63877','SUCCESSFUL',23,NULL,'2022-09-30 14:53:50'),(15,96,100,'151271723','656607817','677995678','1250','1218','EUR','MSISDN','FGHGFH','strRHRFHing','eyJ0eXAiOiJKV1QiLCJhbGciOiJSMjU2In0.eyJjbGllbnRJZCI6ImY0OTg3ZTQyLTJjYzYtNGJmYS05ZDM5LTI3YWMyNWQ0NTczOCIsImV4cGlyZXMiOiIyMDIyLTEwLTAzVDE1OjMxOjE1LjQzNiIsInNlc3Npb25JZCI6IjJiZTc0ZGMxLWQ5M2EtNDUyMi1hNzU2LWVkNTc0NGFlNzM5NCJ9.usNYbio_8Kl6CjCux_GdsbPF9VVOJUlOLRrh3smeZDJ-fGRYGfA3nKeo7unezZsXMvFV0PxNK3JkoFsq3jVHoPtdBPPwj94OsyfS3fEQcv9n7qxk-DS9XCdaUeKwsxMmtmxmFVnes7-qeFys1jQvKVzUxmMvi321n6OTDBWPnQ6M93PDspqPSEuyyukUZ0o26OabDQrXChOskP0BBgh0KvikGapidPanBMovm42tedlPtwueO02tPjZF1551OkahTUKTDormsIiePmZVU3jvNdotwT1it4KFVYqULG-e1oQPQg_gFYN4aMZcRQnNDKCt06OA6zMJhN5iupTfUUbVow','f4987e42-2cc6-4bfa-9d39-27ac25d45738','bd4a387d2dfa4e9d90616fd24b021486','SUCCESSFUL',26,NULL,'2022-10-03 10:24:37'),(16,96,98,'1517329800','656607817','677995386','9870','9623','EUR','MSISDN','FGHGFH','strRHRFHing','eyJ0eXAiOiJKV1QiLCJhbGciOiJSMjU2In0.eyJjbGllbnRJZCI6ImI5ZjBmMTg0LWQ0ZjgtNGMxYi1iZjNmLTgzZTMxMzY3YzRlNyIsImV4cGlyZXMiOiIyMDIyLTEwLTA2VDE1OjQyOjA2LjY4OSIsInNlc3Npb25JZCI6IjBmZTMyZGRjLTI3NzctNGI4Mi1hYzAzLTkxZjgxZWVhOTAwMSJ9.dOTdRHkNKkdsbDnBiEwCv3rwBipj9u2brrumNaj8xf36gVtN6FMxoTS_6unwVikvzCJ6KO0CfDOycVNnjXYbwbGOaklkJBEucL-F0SW5-glL2mysq8WymIOBLSZ5-5ToMJ4hHitDW7wxwd5oHT46WWrfczt62XNEY-LQMYCE2bBQVnD0tdqrx2SCIimaGMQzbQVwEswsdLRL0t7HgLWvwwEx49Hb25DxGkGID5o_HtDEhTw5wKn5XLQFUiksw8pu3o4CwYZfFQz4m-8aHLcV8QmHh9sMK2MkC7OdZujTSOLBMYXCFR1pc9mq5gSG9efFmHcLBUcz0Qm4C2D_WkW5HQ','b9f0f184-d4f8-4c1b-bf3f-83e31367c4e7','01d28924cc2e49049ef51c355becb975','SUCCESSFUL',NULL,NULL,'2022-10-06 10:35:26');
/*!40000 ALTER TABLE `paiement_client` ENABLE KEYS */;
UNLOCK TABLES;

--
-- Table structure for table `paiement_client_reponse_requete`
--

DROP TABLE IF EXISTS `paiement_client_reponse_requete`;
/*!40101 SET @saved_cs_client     = @@character_set_client */;
/*!50503 SET character_set_client = utf8mb4 */;
CREATE TABLE `paiement_client_reponse_requete` (
  `id_paiement` int NOT NULL,
  `id_reponse_Requete` int NOT NULL,
  PRIMARY KEY (`id_paiement`,`id_reponse_Requete`),
  KEY `fkpaiementClient_reponseRequete1` (`id_reponse_Requete`),
  CONSTRAINT `fkpaiementClient_reponseRequete1` FOREIGN KEY (`id_reponse_Requete`) REFERENCES `reponses_requete` (`id_reponse`),
  CONSTRAINT `fkpaiementClient_reponseRequete2` FOREIGN KEY (`id_paiement`) REFERENCES `paiement_client` (`id_paiement`)
) ENGINE=InnoDB DEFAULT CHARSET=utf8mb4 COLLATE=utf8mb4_0900_ai_ci;
/*!40101 SET character_set_client = @saved_cs_client */;

--
-- Dumping data for table `paiement_client_reponse_requete`
--

LOCK TABLES `paiement_client_reponse_requete` WRITE;
/*!40000 ALTER TABLE `paiement_client_reponse_requete` DISABLE KEYS */;
INSERT INTO `paiement_client_reponse_requete` VALUES (7,56),(8,56),(9,56),(10,56),(11,56),(12,56),(7,58),(8,58),(9,58),(10,58),(11,58),(12,58),(7,59),(8,59),(9,59),(10,59),(11,59),(12,59),(7,62),(8,62),(9,62),(10,62),(11,62),(12,62),(16,73);
/*!40000 ALTER TABLE `paiement_client_reponse_requete` ENABLE KEYS */;
UNLOCK TABLES;

--
-- Table structure for table `parking`
--

DROP TABLE IF EXISTS `parking`;
/*!40101 SET @saved_cs_client     = @@character_set_client */;
/*!50503 SET character_set_client = utf8mb4 */;
CREATE TABLE `parking` (
  `id` int NOT NULL AUTO_INCREMENT,
  `nom` varchar(255) NOT NULL,
  PRIMARY KEY (`id`)
) ENGINE=InnoDB AUTO_INCREMENT=7 DEFAULT CHARSET=utf8mb4 COLLATE=utf8mb4_0900_ai_ci;
/*!40101 SET character_set_client = @saved_cs_client */;

--
-- Dumping data for table `parking`
--

LOCK TABLES `parking` WRITE;
/*!40000 ALTER TABLE `parking` DISABLE KEYS */;
INSERT INTO `parking` VALUES (1,'parking A'),(2,'parking B'),(3,'Parking C'),(4,''),(5,''),(6,'Parking M');
/*!40000 ALTER TABLE `parking` ENABLE KEYS */;
UNLOCK TABLES;

--
-- Table structure for table `reponses_requete`
--

DROP TABLE IF EXISTS `reponses_requete`;
/*!40101 SET @saved_cs_client     = @@character_set_client */;
/*!50503 SET character_set_client = utf8mb4 */;
CREATE TABLE `reponses_requete` (
  `id_reponse` int NOT NULL AUTO_INCREMENT,
  `id_req_entrante` int NOT NULL,
  `id_application` varchar(255) DEFAULT NULL,
  `id_service_fourni` int DEFAULT NULL,
  `id_transaction` varchar(255) DEFAULT NULL,
  `numero_client` varchar(255) DEFAULT NULL,
  `numero_destinataire` varchar(255) DEFAULT NULL,
  `montant` varchar(255) DEFAULT NULL,
  `monnaie` varchar(255) DEFAULT NULL,
  `party_id_type` varchar(255) DEFAULT NULL,
  `payee_note` text,
  `payer_message` text,
  `token` text,
  `api_user` varchar(255) DEFAULT NULL,
  `api_key` varchar(255) DEFAULT NULL,
  `status` enum('SUCCESSFUL','FAILED') NOT NULL,
  `motif` varchar(255) DEFAULT NULL,
  `date_reponse` timestamp NOT NULL,
  `paiement_commercant` enum('ACCEPTE','EN COURS','SUCCESSFUL','FAILED','ECHOUEE') NOT NULL,
  PRIMARY KEY (`id_reponse`),
  KEY `fk_reponses_requete` (`id_application`),
  KEY `fk_reponses_requete2` (`id_req_entrante`),
  KEY `fk_reponses_requete3` (`id_service_fourni`),
  CONSTRAINT `fk_reponses_requete` FOREIGN KEY (`id_application`) REFERENCES `applications` (`id_application`),
  CONSTRAINT `fk_reponses_requete2` FOREIGN KEY (`id_req_entrante`) REFERENCES `requetes_entrantes` (`id_req_entrante`),
  CONSTRAINT `fk_reponses_requete3` FOREIGN KEY (`id_service_fourni`) REFERENCES `services` (`id_service`)
) ENGINE=InnoDB AUTO_INCREMENT=84 DEFAULT CHARSET=utf8mb4 COLLATE=utf8mb4_0900_ai_ci;
/*!40101 SET character_set_client = @saved_cs_client */;

--
-- Dumping data for table `reponses_requete`
--

LOCK TABLES `reponses_requete` WRITE;
/*!40000 ALTER TABLE `reponses_requete` DISABLE KEYS */;
INSERT INTO `reponses_requete` VALUES (54,54,'3fcb64c0-9402-4fab-9dc0-8c9760732e18',NULL,NULL,NULL,NULL,NULL,NULL,NULL,NULL,NULL,NULL,NULL,NULL,'FAILED','MAUVAIS ID APPLICATION','2022-09-30 09:54:03','ECHOUEE'),(55,55,NULL,NULL,NULL,NULL,NULL,NULL,NULL,NULL,NULL,NULL,NULL,NULL,NULL,'FAILED',NULL,'2022-09-30 09:54:28','ECHOUEE'),(56,56,'3fcb64c0-9402-4fab-9dc0-8c9760732e18',1,'531143282','677994356','656607817','2390','EUR','MSISDN','FGHGFH','strRHRFHing','eyJ0eXAiOiJKV1QiLCJhbGciOiJSMjU2In0.eyJjbGllbnRJZCI6ImUzYjkyYmI3LWVlNWUtNDM0ZS05MTA0LWFiYTEyMDdiOWRiYiIsImV4cGlyZXMiOiIyMDIyLTA5LTMwVDE1OjA0OjM1LjczMCIsInNlc3Npb25JZCI6ImI5NzdmM2VhLWQ2NjItNGY0YS04OTM2LWQzMjkyZTMwYjkxZCJ9.J1Tw9dY5zEXE4z-LoBErKwFU8RTR6xl4ygm47Ix1RPh0RMnsZ-C8tdiLAMrLLKfsUh_YOw_f6A5nuU1UWLKeM5McnpbS7CnrEEGC3IWFzkXYxlDKBMyECjn0iSHxVWcZCrrmr4L15rW_XbQ64bTqo8-CxPUU8pnOFlffAnSo3uZfmaVweqwZJrtEltS9tnR4E7MYJRfVMuX9kmac-HDnrrxD_0hQtHlyX57QeXd1pbijGiVG0ai6aVssAhQHutYgQQzStsXDswIl7Aje3r6HYW2RE80QKMvpe8I5KtoFzLrcnfQZPJvAcJSfqIAI1ULpJ8-LZ8LSjw01Z7BV7ACYuA','e3b92bb7-ee5e-434e-9104-aba1207b9dbb','96cf7ef6e73a4ef1a4af0f1fe86dcf74','SUCCESSFUL',NULL,'2022-09-30 12:12:14','SUCCESSFUL'),(57,57,NULL,NULL,NULL,NULL,NULL,NULL,NULL,NULL,NULL,NULL,NULL,NULL,NULL,'FAILED',NULL,'2022-09-30 09:59:49','ECHOUEE'),(58,58,'3fcb64c0-9402-4fab-9dc0-8c9760732e18',1,'951548428','677994356','656607817','5600','EUR','MSISDN','FGHGFH','strRHRFHing','eyJ0eXAiOiJKV1QiLCJhbGciOiJSMjU2In0.eyJjbGllbnRJZCI6ImRkNDk0NTM0LTVmODYtNGI2Yy1iMDkwLWUyM2ExYWVjNmM3ZCIsImV4cGlyZXMiOiIyMDIyLTA5LTMwVDE1OjA5OjU1LjEyNiIsInNlc3Npb25JZCI6IjFiOWJhZThlLTEzNDYtNDdjNS04YmVhLWMwMzM1MWRiOThlMCJ9.hsft6eHAUcU7_GDOBqlnRGAnMVPU95J77CCjMxI9gzIYm8Zn-Xn6H6B01hXgWzoB1yHDL85AS1_MlZODqzQGMUUyLW1YxP4xBwG_lum9gpjUgZviTMwiiCd-1GzKg08ixmMD5LM9FmqMP8YQ2AhDhhQEop32znNNbvdmqDxeuFUJ7ucckVYYuplSaSuHCiSTdM9e47JHnjAmDEx7Gkkek7kx0jeDXxX-BXcE4XrNtLGEhI7hp8jB7XcjM3dJq7GnlpVjsaxVLe9csm42Bj-vea-oqoIUSVP7mXAPYa3HGxxp3QyLgfcaZ1yAsWBhwK4r2ncBxDCp7upC6DOAVmi3Hw','dd494534-5f86-4b6c-b090-e23a1aec6c7d','62a0fc7d5255485184292b88f2ca93d2','SUCCESSFUL',NULL,'2022-09-30 12:12:13','SUCCESSFUL'),(59,59,'7f218e21-49b7-4fd6-9457-df8c662d0668',1,'1880981007','671223416','656607817','11000','EUR','MSISDN','FGHGFH','strRHRFHing','eyJ0eXAiOiJKV1QiLCJhbGciOiJSMjU2In0.eyJjbGllbnRJZCI6IjZhOTYyNDQ2LWI0MzctNGE3YS04YmU1LWM2ZDJiMTlhYTllNyIsImV4cGlyZXMiOiIyMDIyLTA5LTMwVDE1OjEzOjQyLjg0OCIsInNlc3Npb25JZCI6ImVmMzM4NTM1LWNjYmUtNDMwZC04MTZiLTdiMjNkZTNjMDIyMyJ9.tfBT2zgPTUMyZd4wr8prlG_0jXCl0uUl2iLvAqSba0taeEo6UxIMhNnRLBCrz3IbKDtUeuLm_F_uvXAo4GPYwFUb9zLOxDHfszkKL0xWdTMizouqKDuCQKjM84jasSDOc9UAk9pwPkLMAS07SV5k_s8EHIeW_8BKJNEXXP5L_ZmR-wO-5F1dzR8sT1P0i0du5FiwNWyE3-wRe3cJcba_lqS6XuTr5P777-LiqKartU8oxsOftEpJbfpNMlRzUzcLkJinTxt-ifnV3YyWWUiOSkldUnAfrzeunlmOQDXg26-OQDWYD3YqP_jEYEdFzgjKzp1Fu7GZAZar8jj3WcXMxQ','6a962446-b437-4a7a-8be5-c6d2b19aa9e7','d3e5b3d2247a4e40a5195c83b872cf19','SUCCESSFUL',NULL,'2022-09-30 12:12:13','SUCCESSFUL'),(60,60,NULL,NULL,NULL,NULL,NULL,NULL,NULL,NULL,NULL,NULL,NULL,NULL,NULL,'FAILED',NULL,'2022-09-30 10:08:05','ECHOUEE'),(61,61,NULL,NULL,NULL,NULL,NULL,NULL,NULL,NULL,NULL,NULL,NULL,NULL,NULL,'FAILED',NULL,'2022-09-30 10:09:08','ECHOUEE'),(62,62,'7f218e21-49b7-4fd6-9457-df8c662d0668',1,'47111685','671223416','656607817','600','EUR','MSISDN','FGHGFH','strRHRFHing','eyJ0eXAiOiJKV1QiLCJhbGciOiJSMjU2In0.eyJjbGllbnRJZCI6IjViMTAyODZhLWExYTItNDg2My1iNDBiLTk0YWIwNTFkZmQ1OCIsImV4cGlyZXMiOiIyMDIyLTA5LTMwVDE1OjIxOjU5LjUwMyIsInNlc3Npb25JZCI6ImY0MGY5YjE1LTczZDgtNDhmNC04NjBmLWI2YTAzNzg2YWQ2MSJ9.rT0cb4QRn6lzxYQ4k7kGfiU7SAHqOFofGaoXB2yNkPecM5ZRxKuifue5RSCMfSqRDsgHx21NQjagLdY0dXu9V4aVZ00DdPIDQKwezJBSjpUwD6Cup9eO7eQKq395Cx_UtP2wJ1nE1ZcPByyk2mp7Wdg1_y9IMY-v0IMulHNePPE-RZmFfKa08LmbfRRA4aXLcksJrtQABTmTMcgIn1kibpI5_QEfR8nLDML5RTd3NvZje2WE86G6s-Q_IlvWkJGK-gp-7PsD6ccxSo3mbYWeQRQcjY-9oXOu7tzhus9qrUSbRVWLfx4q7nzJe8sgqulRpnpFYkYv9DvwCsKoLVMlHQ','5b10286a-a1a2-4863-b40b-94ab051dfd58','9c7bb732adab496c8afe07a4f51b2ea6','SUCCESSFUL',NULL,'2022-09-30 12:12:13','SUCCESSFUL'),(63,63,NULL,NULL,NULL,NULL,NULL,NULL,NULL,NULL,NULL,NULL,NULL,NULL,NULL,'FAILED',NULL,'2022-09-30 10:18:26','ECHOUEE'),(64,64,NULL,NULL,NULL,NULL,NULL,NULL,NULL,NULL,NULL,NULL,NULL,NULL,NULL,'FAILED',NULL,'2022-09-30 10:29:08','ECHOUEE'),(65,65,'d2655bbc-d801-4040-9646-6e207dfd3a62',1,'1151360525','674565432','656607817','900','EUR','MSISDN','FGHGFH','strRHRFHing','eyJ0eXAiOiJKV1QiLCJhbGciOiJSMjU2In0.eyJjbGllbnRJZCI6IjJkYjEwYjY2LTEyYWYtNDk1ZS04M2E4LTgzYzdlMDA1Zjk2MCIsImV4cGlyZXMiOiIyMDIyLTA5LTMwVDE1OjQxOjQwLjU5OSIsInNlc3Npb25JZCI6ImU3YjcwNTI5LThjZGItNDhiYS04YmJlLWNhOTU4NzA5ZjhlOSJ9.vqUH5OomyYpxYPz37JnlYLdd6qLWZO97E3YpdQWH6hQYhA6kAOSxfHw4m8Re4QaQWbvzNBk3gldteCBa3g-1cTj3TV-oq1bxLPmlLgmwwlA_Fz7pcV5IHlA523JA1x4tdlDM5NFylmmcxKuRDDvPtAIykERbQpagloYbaZbFfH-OsFqrxkaLG3MOVAFrloOANcQ7OYagx8rsXJcKv_4LUPxtsdo84CYkorwtg9eo3Krlj3J1UUzRPMehkT31H-2PLH-1ZQtFL_T209kG15uxwKLnM1sEsA58ts3Wqh2eCljJl65lebj3sG5cwf84ssZ45OJwwMuXBNIy0NqMss1MAQ','2db10b66-12af-495e-83a8-83c7e005f960','a39650d221f6447b95ec659063919214','SUCCESSFUL',NULL,'2022-09-30 11:27:56','SUCCESSFUL'),(66,66,'d2655bbc-d801-4040-9646-6e207dfd3a62',1,'130265611','674565432','656607817','1900','EUR','MSISDN','FGHGFH','strRHRFHing','eyJ0eXAiOiJKV1QiLCJhbGciOiJSMjU2In0.eyJjbGllbnRJZCI6IjllZmJiNTkyLThjMmItNGI0ZS1iOWIwLTEzZTM4NTQwYjk4MSIsImV4cGlyZXMiOiIyMDIyLTA5LTMwVDE1OjQ0OjEwLjU4NyIsInNlc3Npb25JZCI6ImVkMTVmNTMyLTAwMTItNGNjNC1iZDIxLTVmYWI1OWU4Nzk2ZSJ9.IXZa9kMq7cuOCowDa8hauVmunu9ls42ObghaCG3y_HioMEEXc_5s9-vj78ZoOFjKQOCXHlicGnT7MYyfeCLHMTJw1_T5MhFj5rAmcu7u0nw4WFumT3QJF_euJDrJxts1YMRAc3JRWO2cWfoTNUQr6qlwHwTcmF-98AGKC2Lud1blUgyg0KET8mvJHcllkOQLX6SIqp-QzCYs8tJe6isvLEcuxhUJhrNUwKVPtfM0braEN4D3WVTpV6i4TzYKSi68oXqk2wT-Vj1_BEpDC0woiSIyIZB6xSNCmpipvOy_rN8V7TyJYATCSDbHCknnGATp1cpW-0PIYcRLjBtaR7gx7g','9efbb592-8c2b-4b4e-b9b0-13e38540b981','b00d26ea4f44469b9cca02ed32f5ad5c','SUCCESSFUL',NULL,'2022-09-30 11:27:56','SUCCESSFUL'),(67,67,'d2655bbc-d801-4040-9646-6e207dfd3a62',1,'1471991353','674565432','656607817','1900','EUR','MSISDN','FGHGFH','strRHRFHing','eyJ0eXAiOiJKV1QiLCJhbGciOiJSMjU2In0.eyJjbGllbnRJZCI6IjFkNzRlY2Q0LWQ0ZDUtNGEzNS1hNGE3LWZlYzMzNzVlOThjYiIsImV4cGlyZXMiOiIyMDIyLTA5LTMwVDE3OjE5OjExLjY4NyIsInNlc3Npb25JZCI6IjRhNWZiZjNkLTNhNTEtNGI1ZS04MTZiLWM0MjI4NTgxYmQ2YyJ9.vt-7UPQdEbic5JLkD43Ia81cop9YH1oYcn_qtN5aEO5idx5CYCuDw-6qf-EFSoMois7D7HtFYzEanYlICMEEuJ27GbuC5qmQvD5yws1zaawRXhkeuur_qbMKSwRURk-4fFMKbF02NKsXwcVWXV_YKn19OIKaLric60mHweAj48wFT8ZJqQHndzBy5ibPf-mVioBn7wXqIYKrmG7HLkAyzyQNs3cK60GY6-bhnr5AP1HpT8d6Ay1MP83lVkblOt962V8XfUjm_0y0ZfJ1KNUHMqqVmNn1QaJYixhytE_DMPbC64iTRBsvdx_cXBIwv6KoSEHHN9YcCxABNmAX__7KxQ','1d74ecd4-d4d5-4a35-a4a7-fec3375e98cb','92934588f916473e8b88084e20219bf2','SUCCESSFUL',NULL,'2022-09-30 12:13:37','SUCCESSFUL'),(68,68,'3fcb64c0-9402-4fab-9dc0-8c9760732e18',NULL,NULL,NULL,NULL,NULL,NULL,NULL,NULL,NULL,NULL,NULL,NULL,'FAILED','MAUVAIS ID APPLICATION','2022-09-30 14:45:08','ECHOUEE'),(69,69,'3fcb64c0-9402-4fab-9dc0-8c9760732e18',1,'819941967','674565432','656607817','19000','EUR','MSISDN','FGHGFH','strRHRFHing','eyJ0eXAiOiJKV1QiLCJhbGciOiJSMjU2In0.eyJjbGllbnRJZCI6ImFhY2QyOTM1LWExNDUtNGQ3Yy1iNDhlLWU1MmE5NWM0MWJmMCIsImV4cGlyZXMiOiIyMDIyLTA5LTMwVDE5OjUzOjEwLjEzNSIsInNlc3Npb25JZCI6IjczNWFjZDEzLTYwNzYtNDM2Zi1hYjAyLTM3MjAxNTRkNzdhMSJ9.aBP-TctrxkipvG54ryOOiwJKoM-zUhWv3V3LtelU2JEHpEborW_Q9MlEAM7o27suY_ea5uhqI4GCSPMnTo8fzfBshmB2gXBuHIPgtuGzO-rMh3HS-PgjZ09p-ZoAqxiA1x9QvEWnpecMzJAFDyBP_znIw3zRXDZDhLHjTck6Jv8EfSnFPzggisOate3n7ynBZEh2131rcaJqyKos1g-ssrj1NR1mxsF3cCMyJpB-gEuEDGNxgppjzFUBZIDFiwLdOtBfXTBPu8Fqnl2w_Uz7vTBhYTDIdy64aYrgcgT58Xv4NP5bPSs3Ax8WXm5_1Xe7NNb6-8GxYHwJvTuZV6nIsw','aacd2935-a145-4d7c-b48e-e52a95c41bf0','32f2e3787d5042bfbe50604448f98130','SUCCESSFUL',NULL,'2022-09-30 14:46:41','EN COURS'),(70,70,'3fcb64c0-9402-4fab-9dc0-8c9760732e18',1,'764883217','674565432','656607817','18000','EUR','MSISDN','FGHGFH','strRHRFHing','eyJ0eXAiOiJKV1QiLCJhbGciOiJSMjU2In0.eyJjbGllbnRJZCI6ImMxMGMyYmU4LTlhZDMtNDkxNS05YTllLTFhMWJiNmM0YzY5ZCIsImV4cGlyZXMiOiIyMDIyLTA5LTMwVDE5OjU1OjUxLjM4NSIsInNlc3Npb25JZCI6ImI5NjQ2MDk2LTRlYmEtNGZiZS04OGUxLWQyZTQ1YTVmYTNjYiJ9.IFmBcd-A3EsU_wc1-uqJunvG5EozvVfuLkcJkXlm_Nqh21pE0rdFkFUch5LkgRPt3Xe6FbfdR9UY5OvUW6YOxEbPLRrb7mhCT1qpY4O0NvBSkv0BbYd4dM_bJhGpM-kI58tMYs9qS3Yzy-43zGzGO2v4MchmIdFVNHE0MVXB5uE53f4NRYQ2cenn1yQOL5rHOX4iYQvsk19yh8g6CLmNgzexEquNE2Gc2xv4yEuAcRFdGKcO-W0sredIFQZII-mUdFlGeEB7PWBFpSQjENFyBX2Zq67-Hb4wLjDPU8kZMQDXdwAIGdNGf4rDKHhmr2yM3-Kjdh873ayjLljiZaA7rA','c10c2be8-9ad3-4915-9a9e-1a1bb6c4c69d','ab19bb95d0f347529906fb4e345f78ce','SUCCESSFUL',NULL,'2022-09-30 14:49:23','EN COURS'),(71,71,'3fcb64c0-9402-4fab-9dc0-8c9760732e18',1,'2072438632','674565432','656607817','180000','EUR','MSISDN','FGHGFH','strRHRFHing','eyJ0eXAiOiJKV1QiLCJhbGciOiJSMjU2In0.eyJjbGllbnRJZCI6ImY4OGIwOTUxLTZjZDctNDVkYi04OWI4LWRkYTU5ZDkxNTg4MyIsImV4cGlyZXMiOiIyMDIyLTA5LTMwVDE5OjU2OjA5LjAxNiIsInNlc3Npb25JZCI6IjdlOTQ0MThhLTJlMjEtNGE3Mi1iNTA4LWZhOWVkODg3NWMzOSJ9.BnvmkIO_BlKdFHXuNv5OeAzoK2HuY1mukIC--galC7lHNdZTAwH9clSbDL9UDUbqAwJ-VX_WhTrKyCCNvk1WRCHtPJcD33GiMmfwFziMhi9IDWhusLIpsTl-RalfAsjWrnS4qi9zNfYDtfw8Ekuv2dQ802NaHwBVjX7CPTJJL6cbQ2D4FArffJOywKjMQAEr0C9JhGZTYadnBuJNFV21z_S8fyERAUI1lyO61oiwoRGzv8r4qXeWCgecHVAfqowkr6v-Z93j68yqtksLle9hCIMTHJff5os2dXf6E6zB9AFhuvNcEUYSTuh4lezUbH4a2CLnxY83I-TiEPAJhQ13Tw','f88b0951-6cd7-45db-89b8-dda59d915883','f96fee2cee3347dabba25c39744515a7','SUCCESSFUL',NULL,'2022-09-30 14:49:41','EN COURS'),(72,72,'3fcb64c0-9402-4fab-9dc0-8c9760732e18',1,'1901391827','674565432','656607817','9870','EUR','MSISDN','FGHGFH','strRHRFHing','eyJ0eXAiOiJKV1QiLCJhbGciOiJSMjU2In0.eyJjbGllbnRJZCI6IjNkM2M3NDA3LTNhNWQtNDY3Ni1hMTNhLWYxY2YzOWI4ZTJkYyIsImV4cGlyZXMiOiIyMDIyLTA5LTMwVDE5OjU2OjMxLjA1NyIsInNlc3Npb25JZCI6IjFjYWVkMzMzLTAxZTEtNGRlNS05ZWJiLTM2ODk0MjllNDJmNyJ9.qTOWyFnoirpNzwWVUo70lYXp1IV29NqFL9k2gQoFRyF-5VWcaMi23WRkpKp9vCJw_609iteId6uwe-NQe-iC5tM8gei9CXhpk9aviSpFKenLgcnGqR8Riwj7Te5fs6S-ZUKjOE_dd27VSOamWNRuC8tcd8WSxkC-Mj8Js3YuqmYAqxPpaROblc6HqSC55ZuZ1Ps6WDFbp7pLG_mdlcPooh0sWMK3iksJscZg1cW6ZgXJMZJrQYorSjRWWywCw5q76rpM9u4mGuBeAkZJLF4kcSXd7t_HwKWhEx3KJC3iSibA_c4PMA2Nr8U__lMgoVs3epoiB896cQxVBowoW8qsqQ','3d3c7407-3a5d-4676-a13a-f1cf39b8e2dc','d06187b720464b639ec834453c54d6a2','SUCCESSFUL',NULL,'2022-09-30 14:50:07','EN COURS'),(73,73,'3fcb64c0-9402-4fab-9dc0-8c9760732e18',1,'1898668357','674565432','656607817','9870','EUR','MSISDN','FGHGFH','strRHRFHing','eyJ0eXAiOiJKV1QiLCJhbGciOiJSMjU2In0.eyJjbGllbnRJZCI6ImM3MjA5MmY2LWRhMjEtNDUzNC05MGE3LTEzMTZmM2U3NDdiNyIsImV4cGlyZXMiOiIyMDIyLTA5LTMwVDE5OjU3OjQ1LjQ0MSIsInNlc3Npb25JZCI6IjNmZjgzYThhLWY2Y2YtNDFhNy1iZDBhLTcxNzNlODQ0MWNiYiJ9.oykpKjIK2kLruYAhSDldmPZaWUd-IgDWPyPpLm09PiEyqKl_imIp4r7e1F-zJbZ6zz-Gy011S7LDJfwVkpjxUgO6p4eeJFSaSX-aF0s9nolaDys7y9z1b5V2sAhJPW2-rG9bpo6XcNPwBwIBM-udrb-4uUszdaXU9LZnuL8jLxu6z0lhhmBkT_EZGug5yFLkbEPPPlS8M7ZVGQRcGISF7eSdaaYy8AN-UT5zPW7P8ZMmKeRBJpzlOk9vVmfHSHnw9WxD6qwvINEbveJKRrhKZop0e7rO6-Z8Cnv5jB63snsVh4OYQsSiB31tL0PcPrxwsx_oVKpeRzX2iRmSYCGvQw','c72092f6-da21-4534-90a7-1316f3e747b7','d44bee18ef3d4d37ad44c399ee143475','SUCCESSFUL',NULL,'2022-10-06 10:35:26','SUCCESSFUL'),(74,74,'3fcb64c0-9402-4fab-9dc0-8c9760732e18',1,'1693597835','674565432','656607817','870','EUR','MSISDN','FGHGFH','strRHRFHing','eyJ0eXAiOiJKV1QiLCJhbGciOiJSMjU2In0.eyJjbGllbnRJZCI6IjNkNzA4N2ViLWI5MWEtNDAwZC1iOGQwLTI5OTNlNDVlOWQ0MSIsImV4cGlyZXMiOiIyMDIyLTA5LTMwVDE5OjU4OjI3LjA4NSIsInNlc3Npb25JZCI6ImRjYmM3NTlmLTgxZmQtNGViOC05M2Y2LTc4NmQ2OWNiMjQyNSJ9.vSQkh39LI-znu87Enq5sx3gw9_ylnSpapVmLSVW1mu2f9owhdpfFkgzmKF5_Er8Ci5T4zTE61YpPUbqcsY1AobAfaQNziYhw4T79HBcCc8tM_51DaEtTBCZVZvzUD4eALeQiXrt8yeGSuEUXOKywwMs9qKJ7jHJZCaRO4TA6SB_24g2nYDXg_hukuB2T1hM7n0F8nPaE1lfb6t59Cv1-u1DTspeSN_ish4LJj164PnB2zDef-zOR6DrMaowkBvGD-J_f2e4BAxXSYw-vxwpxu4z-QU2XCAJkrX7DBYeVKuH8cTDtkhmGwT9hc2yKfr7LZ7EKGJp3TVHpfne5UnoU_w','3d7087eb-b91a-400d-b8d0-2993e45e9d41','07fed64db8124bee8e861689f512d301','SUCCESSFUL',NULL,'2022-09-30 14:53:50','SUCCESSFUL'),(75,75,'3fcb64c0-9402-4fab-9dc0-8c9760732e18',1,'1940430269','674565432','656607817','8700','EUR','MSISDN','FGHGFH','strRHRFHing','eyJ0eXAiOiJKV1QiLCJhbGciOiJSMjU2In0.eyJjbGllbnRJZCI6IjM5ZTg2ODZlLTQ2NGEtNGM1ZC05MzNjLTlkODIzYjg3MjkxYiIsImV4cGlyZXMiOiIyMDIyLTA5LTMwVDE5OjU5OjA0LjI4NyIsInNlc3Npb25JZCI6ImMyN2FiNzU5LWUwZmYtNDY2OS1iNGI5LTA5MWJhZjY3ZDMwMiJ9.0Ajx1j-vftE8ftS6VsBUuoeqfXmGFHlBYnOKd92V0WohPGEsxOBEthrs8kH2ay-RUjvvDMt1wvaHvRiFr5sAeNPsijLx3D7A-cFi9y74qjIFYCvsb08ZRO4GFRAo2OIsEY9zKriauq0uUpn0VDDukcf99vQcqslEJd9R4PPwKT5V5Hognlz8qID4u16DrH1nID792jcwP1ZKLuEIgHrhuIo6a2hhpF10gws1Bjdqouu2nAycFZJAoX9A8BiTAWt2al0_k4tSDVlwMMfFz_rM7VDY9yveU0I2vOGNMmvNpqFC-Lf4CrA2VD8fDrCNeP6GCgcZeZw4Yb-JA_QbvT1BIA','39e8686e-464a-4c5d-933c-9d823b87291b','af0c44267e1145c0b3e127400dbaa1db','SUCCESSFUL',NULL,'2022-09-30 14:52:37','FAILED'),(76,76,'3fcb64c0-9402-4fab-9dc0-8c9760732e18',1,'1487417842','674565432','656607817','87000','EUR','MSISDN','FGHGFH','strRHRFHing','eyJ0eXAiOiJKV1QiLCJhbGciOiJSMjU2In0.eyJjbGllbnRJZCI6IjBiZDM1MjM0LTYzNjYtNGIwZS1iM2Q1LTQ0N2ZhMmViYWQ3MSIsImV4cGlyZXMiOiIyMDIyLTA5LTMwVDIwOjA2OjI4LjIxMCIsInNlc3Npb25JZCI6ImQ4MmM2NWRjLWRhYWEtNDE1OS1hOGE2LTFhNTlhYmU5NDQxOCJ9.Sp-9hjQsE0JIySiY1VZy-7TIdbnmfXPhz7C_YZrM7huqk4KMlL79tEwBAKQYYCtfgbMgTCQN2XY6SOETNaD6bkIS9x1T8a0YxfUXvfeUWSRgnVs5OktDUUlD95j7txBpstbFj4xv59Z31-mAB0gUUqofu2BCnl1fK18PxKIxbCEIicCWminFGjGZxjbDFq5Ns0MXKbDB8JHyW8EoT9bFKC5am8s6wZs-uxKqtUOm8Z-fPl-ZJBqxNuIOPMV0zQdvujvhMI8PnyGyDShzW5hWWtFCzdvIVx88tAA_l1XJhP3IjIZFE3DjULBfApYwNTklSlkUz5mIogun1HVkBLlbeQ','0bd35234-6366-4b0e-b3d5-447fa2ebad71','d0f264feb2ec43fba6db5445a0833d47','SUCCESSFUL',NULL,'2022-09-30 15:00:00','EN COURS'),(77,77,'3fcb64c0-9402-4fab-9dc0-8c9760732e18',1,'1143960077','674565432','656607817','7000','EUR','MSISDN','FGHGFH','strRHRFHing','eyJ0eXAiOiJKV1QiLCJhbGciOiJSMjU2In0.eyJjbGllbnRJZCI6ImE1YjYwYmIxLTc1YWUtNDdhYi04MDc5LTA3YWFkMzlhZWFkYiIsImV4cGlyZXMiOiIyMDIyLTA5LTMwVDIwOjEwOjU4LjA4NyIsInNlc3Npb25JZCI6ImFhM2RhYTk4LTk4MjEtNGI2Yi1iZGU5LTY5MmNhODU3YzVkMyJ9.zbKFg2paHGa9C-NjzSSrUCsMzQLCzl69aIwaMmx2eLBbP_qjLZ9-pFgYis1QsOmvB97k5aGQSyYmNy_ccc6nqAgZkmwloAC5TIkZGl-M9jRf1v07V7yJe0Z7o6kev8RlScw2tndQNXcF54VnWOAvQjXIrMUyf1LIof2oKhNlio2b6ZehU5jNekMewwB-scZjLB5R3mXrNMnQPNQusdlie03OIbzegf3vVYAcCumsmL5ftlWy6QrWY3-W-9rcFbaSsGbyPDmn09NmMD811Mp7fM6K6T4IpAOpeJOiUzjQ-ohdXQtGgwZ8LDbcCLzfJd-9JrDYWdIdsEe1q5-4bUPwSQ','a5b60bb1-75ae-47ab-8079-07aad39aeadb','264ea41630f14f768ef54c5ee0520002','SUCCESSFUL',NULL,'2022-09-30 15:04:34','ACCEPTE'),(78,78,'3fcb64c0-9402-4fab-9dc0-8c9760732e18',1,'2005637614','674565432','656607817','7200','EUR','MSISDN','FGHGFH','strRHRFHing','eyJ0eXAiOiJKV1QiLCJhbGciOiJSMjU2In0.eyJjbGllbnRJZCI6IjEzOTM4ZDMwLTVkNjEtNDgxYS1iMjUwLWE2NjhkYjRhYTZmYyIsImV4cGlyZXMiOiIyMDIyLTA5LTMwVDIwOjExOjI4LjM2NCIsInNlc3Npb25JZCI6ImY2NzIxOGI4LTcxZmEtNDg2Mi05ZDk0LTIxZWI4MWI5NjdkYyJ9.Hkj1TeorPqjwHSJHx3QeX09gBPuOc7X8PUaHG_nYrfpyByavtPHnE-9aYwBjqwc0M84i784oP3NMynrIWfiHTjM5VylR_8vvzDWc6oAtN5Ypu6o9bWJ4_SD5OjwAB5j_cyJyQRGO3Kh7qm9MuY-4g_UO6suJCa_QLHin0HwZ3D8INnAnTysw1omFECRFg5dJt25SjoJRA6bpjd0B6U92b-YN6DTLepNXfmU5suxHg6zJWG4NFhsL3JJZQ-N3CjUHAYPzuvWj1N5WLVWaRMCWGsvabhUM36DyYijEqnsMDwPlMx-HeEwwd6oh829Gq70qN6izhvli3cQWZmkg6dPsDQ','13938d30-5d61-481a-b250-a668db4aa6fc','0885ea31c2ab4d73b0aee8e75eaf4987','SUCCESSFUL',NULL,'2022-09-30 15:05:06','ACCEPTE'),(79,79,'3fcb64c0-9402-4fab-9dc0-8c9760732e18',1,'1787806676','677997865','656607817','2300','EUR','MSISDN','FGHGFH','strRHRFHing','eyJ0eXAiOiJKV1QiLCJhbGciOiJSMjU2In0.eyJjbGllbnRJZCI6IjUyMGUzOWExLTI2MzMtNGE2NC1iNjA1LTU0Zjk3OTNmOTRlOSIsImV4cGlyZXMiOiIyMDIyLTEwLTAyVDE1OjM3OjEyLjg1NyIsInNlc3Npb25JZCI6ImM0ZTllYmI1LTNkMDYtNDZkMy1iMDkyLWU1N2QyZDMzNTZlNSJ9.bP3hzjlK4KjE4uIhI7FAhIAiw_cpp6wwwIfTqbRxZLkQfzj06EsLKZMNiZzrHl6_oPrzrdJfy2nKhahDdKtn-B5UTUXYDMexHybuRm0NChJTHH141HeADvp4fb-_4tXxLO-hl1KtdJL4D0QutuPcR-6vhtwmEzJPCkEoUY4ZMGuVUZpJjKMRc31h6V-X5VK6pDCv4sDsKyiWGKZOulcMCiIGfWKCzUyFjDeSMw7voe2Y8O4ygtFR7HPcprfSQiLJM7Th96pR28yqc-vHY3iLg-4X78S0OnUNE5bE4bvGGVGt9nNl4aiNAi799PVZx08gBI0IV-VdodNhfOe1U1gjzg','520e39a1-2633-4a64-b605-54f9793f94e9','f3199a1fad02478aa5265947264f18b0','SUCCESSFUL',NULL,'2022-10-02 10:30:38','ACCEPTE'),(80,80,'3fcb64c0-9402-4fab-9dc0-8c9760732e18',1,'315871351','677655654','656607817','2000','EUR','MSISDN','FGHGFH','strRHRFHing','eyJ0eXAiOiJKV1QiLCJhbGciOiJSMjU2In0.eyJjbGllbnRJZCI6IjExYmJhOGNjLWRmNDQtNDgxNi1iZDk5LTQxMWZlY2IyOTgwZiIsImV4cGlyZXMiOiIyMDIyLTEwLTAyVDE1OjU4OjExLjM5MyIsInNlc3Npb25JZCI6ImRiNTAyYzM0LTYwMTgtNGUzNS04NGQ0LWRmMTI0NDFmNTkwMCJ9.d7Eqin33ZcGJI8I1VC0KStaAS-O8Qi7pBjLgcq_vS939x9ZTv9nFsbjhNtB8qxEuexcooDC1f5xVh0qqZ4TE5xoKs1bMGyI-5sqITriSy6WcCEVwgXPFtUsJPpfV1xwAuYA2LNJgtwaMjsiZjg7sBv3IGGeiXM6H08QqXNce92i3BzkXm86AC85IkKHZ41ivIVyzoC7LrxpEpXWTPlmoh3q_M7b2YQo7U0VUZP6dELBOTPkZPRxdrETsVsVf1Cv5pTR3qHq99RxJoOC3-tvOO-3KkRDuCxPxu0KCAAvnYctwddxI_DTBaN-hMnZd__CJbhbhYmHhKMypGhKBYZ4TPw','11bba8cc-df44-4816-bd99-411fecb2980f','d59ea954944940ed95baeecadb87f824','SUCCESSFUL',NULL,'2022-10-02 10:51:38','ACCEPTE'),(81,81,'3fcb64c0-9402-4fab-9dc0-8c9760732e18',1,'1434569376','677897656','656607817','11900','EUR','MSISDN','FGHGFH','strRHRFHing','eyJ0eXAiOiJKV1QiLCJhbGciOiJSMjU2In0.eyJjbGllbnRJZCI6IjM5Yjg0NTgwLWE2NTYtNDQ4Yy05MjlhLTY1Zjk1YTBkY2Q0YSIsImV4cGlyZXMiOiIyMDIyLTEwLTAzVDE1OjI1OjU4LjE5MCIsInNlc3Npb25JZCI6IjliNDgxNjcxLTA1MjctNGZkZS05NmVkLTVjMTE3MzgyOTQxOSJ9.YTE2Hh5ltwuH0TapaiAJZJJLMWC51uTazTbmMHK12UMhr4ZtUaKjnoizg4LxmRijOx0vkZ8JXt9EKJKBjA_qeD2JjRMFAuVp7TCEs782oIVoSDOGliuDZDNO5_T0nL0L8wik-sBL5NfptPp7n2DHdg62F4Dwpy3V-D4SvXNIZktLmyrk8D7d3TmpzyozalvCCsbAjSMtybgIFgO9Hxycr4Dg1jnM9_hUnV1OMnSJhiuRJWaFwf_TMs2e0nRRJH4sc5aIjkGV8S3S025hsATm2iPJT04E6E6y2HUwzhCTFC3hRhq0gw8QhAf_Zy2dx3keqr743vbggpZ-SM2URdpLGA','39b84580-a656-448c-929a-65f95a0dcd4a','eacc53ffb0d9411fa01a2c99235d0086','SUCCESSFUL',NULL,'2022-10-03 10:19:21','ACCEPTE'),(82,82,'3fcb64c0-9402-4fab-9dc0-8c9760732e18',1,'2101009164','677897656','656607817','14900','EUR','MSISDN','FGHGFH','strRHRFHing','eyJ0eXAiOiJKV1QiLCJhbGciOiJSMjU2In0.eyJjbGllbnRJZCI6IjQyOTQzNTE1LTNkYWQtNDYzOS1hNDJjLTU1NTZhZTIyOWM3OCIsImV4cGlyZXMiOiIyMDIyLTEwLTAzVDE1OjI3OjE3LjA0NyIsInNlc3Npb25JZCI6ImUwOGI5MWIzLTNmYmMtNGEyNC05NmNiLTQ1OWRmOGNiOTcwZSJ9.WytFIPyQxfpUvlbVm3Bnp4EYtTmcgeExeSqFAkBU0j4JOFxypKtJ442ebAtkLgabuQF40K5hew5QhCoTPyf9pBWtLhlB9LOcde12EtYIEC46P-3oE-nG6ZQgTZ9-U4hDGyV_BLKoIkIFZ73aIdoVopHg-aqTBv6dvIGlDafREbhnKi3DJHQ3oEhomwfqI16leRYhVx4IA2i_xT-rSXvmbx0gF_1YaU8MGF5fcxrvLsiBdwtrrNM5vIgXfvlI-XSgTT6-5dwd98-lYTfv11WHMZ5oOhWmZ-D2jfcTVmiBx6LmQOfmLUFrAOXf93YHn5hVoCTvIaUyrLulanjph2vtsg','42943515-3dad-4639-a42c-5556ae229c78','82fa5f04aa8e4f12bb7d88542755e828','SUCCESSFUL',NULL,'2022-10-03 10:20:38','EN COURS'),(83,83,'d2655bbc-d801-4040-9646-6e207dfd3a62',1,'1369743738','678876545','656607817','1250','EUR','MSISDN','FGHGFH','strRHRFHing','eyJ0eXAiOiJKV1QiLCJhbGciOiJSMjU2In0.eyJjbGllbnRJZCI6IjUxZjM3OTIzLWQwOTQtNDk4Ny1hZWVmLTMxY2I0Nzk5ZDQ2NyIsImV4cGlyZXMiOiIyMDIyLTEwLTAzVDE1OjI5OjAzLjEyNCIsInNlc3Npb25JZCI6IjdmMWU2YzIxLWMwODktNDQ5MC04ZjQ5LWYwODI3MzhkYmYyYiJ9.z2aColJV63-Jz_KyX_da8lS60_A8dcLjv7l_aIsXtRuJb3Hk-4lVqZc2dT2ZiYtkrkmEO80Qhtg6HoTord2zEZW_PzEZjo4jpyphtqiDRWJFrCFYVkLGJS-QPheyS4uvlZCGoQdoF6kQQS0L-68aizePQQZ-DOCdNNZFbfD0r0VXfhEvPLGAR2hT5Xsb9bTv-oH16afHZAVl9p9C7jwL3PGJiiLJiVMDjPnru1t7h3KeDXEjU7K3XF0HErUkcBr1tPsSnifcDFdIm5zB9e6sw2XWen7ljeFMYi0vUR61VzrGp_f9Co2aBFj2KEt9p9NVWNiVoakyWlDvDUWYct-V3Q','51f37923-d094-4987-aeef-31cb4799d467','0d4c9c26108148f4a54950915041fb97','SUCCESSFUL',NULL,'2022-10-03 10:24:38','SUCCESSFUL');
/*!40000 ALTER TABLE `reponses_requete` ENABLE KEYS */;
UNLOCK TABLES;

--
-- Table structure for table `requete`
--

DROP TABLE IF EXISTS `requete`;
/*!40101 SET @saved_cs_client     = @@character_set_client */;
/*!50503 SET character_set_client = utf8mb4 */;
CREATE TABLE `requete` (
  `id_requete` int NOT NULL AUTO_INCREMENT,
  `user_id` int NOT NULL,
  `numero_client` varchar(20) NOT NULL,
  `nom_application` varchar(50) NOT NULL,
  `nom_domaine` varchar(100) NOT NULL,
  `vente` text NOT NULL,
  `statut` enum('EN COURS TRAITEMENT','ACCEPTE','REJETE') NOT NULL DEFAULT 'EN COURS TRAITEMENT',
  `date_creation` timestamp NOT NULL,
  `specifications` text,
  `traite_par` int DEFAULT NULL,
  `motif_rejet` text,
  PRIMARY KEY (`id_requete`),
  UNIQUE KEY `un_domaine` (`nom_domaine`),
  KEY `fk_requete1` (`user_id`),
  KEY `fk_requete2` (`traite_par`),
  CONSTRAINT `fk_requete1` FOREIGN KEY (`user_id`) REFERENCES `users` (`id`),
  CONSTRAINT `fk_requete2` FOREIGN KEY (`traite_par`) REFERENCES `users` (`id`)
) ENGINE=InnoDB AUTO_INCREMENT=12 DEFAULT CHARSET=utf8mb4 COLLATE=utf8mb4_0900_ai_ci;
/*!40101 SET character_set_client = @saved_cs_client */;

--
-- Dumping data for table `requete`
--

LOCK TABLES `requete` WRITE;
/*!40000 ALTER TABLE `requete` DISABLE KEYS */;
INSERT INTO `requete` VALUES (8,98,'677995386','Yango','localhost','Taxis','ACCEPTE','2022-09-29 14:14:04','',96,''),(9,98,'677995386','Wapsito','wapsito.cm','soins infirmiers','ACCEPTE','2022-09-29 14:15:48','',96,''),(10,100,'677995386','animes zone','animees.cm','mangas','ACCEPTE','2022-09-29 14:16:43','',96,''),(11,98,'681234554','Layeringo','layeringo.com','bijoux','EN COURS TRAITEMENT','2022-09-30 14:56:07','PHP',NULL,NULL);
/*!40000 ALTER TABLE `requete` ENABLE KEYS */;
UNLOCK TABLES;

--
-- Table structure for table `requete_service`
--

DROP TABLE IF EXISTS `requete_service`;
/*!40101 SET @saved_cs_client     = @@character_set_client */;
/*!50503 SET character_set_client = utf8mb4 */;
CREATE TABLE `requete_service` (
  `id_requete` int NOT NULL,
  `id_service` int NOT NULL,
  PRIMARY KEY (`id_requete`,`id_service`),
  KEY `fk_requete_service2` (`id_service`),
  CONSTRAINT `fk_requete_service1` FOREIGN KEY (`id_requete`) REFERENCES `requete` (`id_requete`),
  CONSTRAINT `fk_requete_service2` FOREIGN KEY (`id_service`) REFERENCES `services` (`id_service`)
) ENGINE=InnoDB DEFAULT CHARSET=utf8mb4 COLLATE=utf8mb4_0900_ai_ci;
/*!40101 SET character_set_client = @saved_cs_client */;

--
-- Dumping data for table `requete_service`
--

LOCK TABLES `requete_service` WRITE;
/*!40000 ALTER TABLE `requete_service` DISABLE KEYS */;
INSERT INTO `requete_service` VALUES (8,1),(9,1),(10,1),(11,1),(10,2),(11,2);
/*!40000 ALTER TABLE `requete_service` ENABLE KEYS */;
UNLOCK TABLES;

--
-- Table structure for table `requetes_entrantes`
--

DROP TABLE IF EXISTS `requetes_entrantes`;
/*!40101 SET @saved_cs_client     = @@character_set_client */;
/*!50503 SET character_set_client = utf8mb4 */;
CREATE TABLE `requetes_entrantes` (
  `id_req_entrante` int NOT NULL AUTO_INCREMENT,
  `id_application` varchar(255) NOT NULL,
  `password_application` varchar(255) NOT NULL,
  `id_service_demande` int NOT NULL,
  `numero_client` varchar(255) DEFAULT NULL,
  `numero_receveur` varchar(255) DEFAULT NULL,
  `montant` int NOT NULL,
  `devise` varchar(255) NOT NULL,
  `date_arrivee` timestamp NOT NULL,
  PRIMARY KEY (`id_req_entrante`),
  KEY `requetes_entrantes` (`id_service_demande`),
  CONSTRAINT `requetes_entrantes` FOREIGN KEY (`id_service_demande`) REFERENCES `services` (`id_service`)
) ENGINE=InnoDB AUTO_INCREMENT=84 DEFAULT CHARSET=utf8mb4 COLLATE=utf8mb4_0900_ai_ci;
/*!40101 SET character_set_client = @saved_cs_client */;

--
-- Dumping data for table `requetes_entrantes`
--

LOCK TABLES `requetes_entrantes` WRITE;
/*!40000 ALTER TABLE `requetes_entrantes` DISABLE KEYS */;
INSERT INTO `requetes_entrantes` VALUES (54,'3fcb64c0-9402-4fab-9dc0-8c9760732e18','[C@79d97b6c',1,'677994356','673456765',2500,'EUR','2022-09-30 09:53:52'),(55,'3fcb64c0-9402-4fab-9dc0-8c9760732e18','[C@79d97b6c',1,'677994356','673456765',4800,'EUR','2022-09-30 09:54:28'),(56,'3fcb64c0-9402-4fab-9dc0-8c9760732e18','[C@79d97b6c',1,'677994356','673456765',2390,'EUR','2022-09-30 09:57:42'),(57,'3fcb64c0-9402-4fab-9dc0-8c9760732e18','[C@79d97b6c',1,'677994356','673456765',5600,'EUR','2022-09-30 09:59:49'),(58,'3fcb64c0-9402-4fab-9dc0-8c9760732e18','[C@79d97b6c',1,'677994356','673456765',5600,'EUR','2022-09-30 10:03:01'),(59,'7f218e21-49b7-4fd6-9457-df8c662d0668','[C@25a9dbaa',1,'671223416','673456765',11000,'EUR','2022-09-30 10:06:33'),(60,'7f218e21-49b7-4fd6-9457-df8c662d0668','[C@25a9dbaa',1,'671223416','673456765',600,'EUR','2022-09-30 10:08:05'),(61,'7f218e21-49b7-4fd6-9457-df8c662d0668','[C@25a9dbaa',1,'671223416','673456765',600,'EUR','2022-09-30 10:09:08'),(62,'7f218e21-49b7-4fd6-9457-df8c662d0668','[C@25a9dbaa',1,'671223416','673456765',600,'EUR','2022-09-30 10:14:26'),(63,'d2655bbc-d801-4040-9646-6e207dfd3a62','[C@7af1f68c',1,'674565432','673456765',1200,'EUR','2022-09-30 10:18:26'),(64,'d2655bbc-d801-4040-9646-6e207dfd3a62','[C@7af1f68c',1,'674565432','673456765',1300,'EUR','2022-09-30 10:29:07'),(65,'d2655bbc-d801-4040-9646-6e207dfd3a62','[C@7af1f68c',1,'674565432','673456765',900,'EUR','2022-09-30 10:34:37'),(66,'d2655bbc-d801-4040-9646-6e207dfd3a62','[C@7af1f68c',1,'674565432','673456765',1900,'EUR','2022-09-30 10:35:54'),(67,'d2655bbc-d801-4040-9646-6e207dfd3a62','[C@7af1f68c',1,'674565432','673456765',1900,'EUR','2022-09-30 12:12:33'),(68,'3fcb64c0-9402-4fab-9dc0-8c9760732e18','[C@79d97b6c',1,'674565432','673456765',19000,'EUR','2022-09-30 14:45:07'),(69,'3fcb64c0-9402-4fab-9dc0-8c9760732e18','[C@79d97b6c',1,'674565432','673456765',19000,'EUR','2022-09-30 14:46:29'),(70,'3fcb64c0-9402-4fab-9dc0-8c9760732e18','[C@79d97b6c',1,'674565432','673456765',18000,'EUR','2022-09-30 14:49:06'),(71,'3fcb64c0-9402-4fab-9dc0-8c9760732e18','[C@79d97b6c',1,'674565432','673456765',180000,'EUR','2022-09-30 14:49:27'),(72,'3fcb64c0-9402-4fab-9dc0-8c9760732e18','[C@79d97b6c',1,'674565432','673456765',9870,'EUR','2022-09-30 14:49:51'),(73,'3fcb64c0-9402-4fab-9dc0-8c9760732e18','[C@79d97b6c',1,'674565432','673456765',9870,'EUR','2022-09-30 14:51:01'),(74,'3fcb64c0-9402-4fab-9dc0-8c9760732e18','[C@79d97b6c',1,'674565432','673456765',870,'EUR','2022-09-30 14:51:44'),(75,'3fcb64c0-9402-4fab-9dc0-8c9760732e18','[C@79d97b6c',1,'674565432','673456765',8700,'EUR','2022-09-30 14:52:22'),(76,'3fcb64c0-9402-4fab-9dc0-8c9760732e18','[C@79d97b6c',1,'674565432','673456765',87000,'EUR','2022-09-30 14:59:42'),(77,'3fcb64c0-9402-4fab-9dc0-8c9760732e18','[C@79d97b6c',1,'674565432','673456765',7000,'EUR','2022-09-30 15:04:12'),(78,'3fcb64c0-9402-4fab-9dc0-8c9760732e18','[C@79d97b6c',1,'674565432','673456765',7200,'EUR','2022-09-30 15:04:43'),(79,'3fcb64c0-9402-4fab-9dc0-8c9760732e18','[C@79d97b6c',1,'677997865','673456765',2300,'EUR','2022-10-02 10:10:29'),(80,'3fcb64c0-9402-4fab-9dc0-8c9760732e18','[C@79d97b6c',1,'677655654','673456765',2000,'EUR','2022-10-02 10:51:24'),(81,'3fcb64c0-9402-4fab-9dc0-8c9760732e18','[C@79d97b6c',1,'677897656','673456765',11900,'EUR','2022-10-03 10:19:07'),(82,'3fcb64c0-9402-4fab-9dc0-8c9760732e18','[C@79d97b6c',1,'677897656','673456765',14900,'EUR','2022-10-03 10:20:28'),(83,'d2655bbc-d801-4040-9646-6e207dfd3a62','[C@7af1f68c',1,'678876545','673456765',1250,'EUR','2022-10-03 10:22:15');
/*!40000 ALTER TABLE `requetes_entrantes` ENABLE KEYS */;
UNLOCK TABLES;

--
-- Table structure for table `services`
--

DROP TABLE IF EXISTS `services`;
/*!40101 SET @saved_cs_client     = @@character_set_client */;
/*!50503 SET character_set_client = utf8mb4 */;
CREATE TABLE `services` (
  `id_service` int NOT NULL AUTO_INCREMENT,
  `cree_par` int NOT NULL,
  `cree_par_numero` varchar(20) NOT NULL,
  `operateur` varchar(35) NOT NULL,
  `nom_service` varchar(100) NOT NULL,
  `api_user` varchar(255) NOT NULL,
  `api_key` varchar(255) NOT NULL,
  `suscription_key` varchar(255) NOT NULL,
  `numero_dest` varchar(20) DEFAULT NULL,
  `etat` varchar(50) NOT NULL,
  `date_creation` timestamp NOT NULL,
  `lien` varchar(255) NOT NULL,
  `description` text,
  `pourcentage_paiement` float NOT NULL,
  PRIMARY KEY (`id_service`),
  UNIQUE KEY `un_lien` (`lien`),
  UNIQUE KEY `un_nom_service` (`nom_service`),
  KEY `fk_services` (`cree_par`),
  CONSTRAINT `fk_services` FOREIGN KEY (`cree_par`) REFERENCES `users` (`id`)
) ENGINE=InnoDB AUTO_INCREMENT=3 DEFAULT CHARSET=utf8mb4 COLLATE=utf8mb4_0900_ai_ci;
/*!40101 SET character_set_client = @saved_cs_client */;

--
-- Dumping data for table `services`
--

LOCK TABLES `services` WRITE;
/*!40000 ALTER TABLE `services` DISABLE KEYS */;
INSERT INTO `services` VALUES (1,96,'656607817','MTN','Request to pay MTN','sdsdgdggg','123gdffdgfggg','gsdfgfdgfdgfgs','','VALIDE','2022-09-18 09:01:11','http://localhost:3000/RequesttopayMTN','Cette opération permet de demander un paiement à un consommateur (Payer). Le payeur sera invité à autoriser le paiement. La transaction sera exécutée une fois que le payeur aura autorisé le paiement. La demande de paiement aura le statut EN ATTENTE jusqu\'à ce que la transaction soit autorisée ou refusée par le payeur ou qu\'elle soit expirée par le système. ',2.5),(2,96,'677876545','Orange','Request to pay Orange','vdfzdffddgfds','vbfgbbdfbsdb','hkdfhgsdghgfkjsgfhfhkjvhdfhvsdfhvjkvhk','','VALIDE','2022-09-19 12:30:59','http://localhost:3000/requesttopayOrange','Cette opération permet de demander un paiement à un consommateur (Payer). Le payeur sera invité à autoriser le paiement. La transaction sera exécutée une fois que le payeur aura autorisé le paiement. La demande de paiement aura le statut EN ATTENTE jusqu\'à ce que la transaction soit autorisée ou refusée par le payeur ou qu\'elle soit expirée par le système. ',3);
/*!40000 ALTER TABLE `services` ENABLE KEYS */;
UNLOCK TABLES;

--
-- Table structure for table `tokens`
--

DROP TABLE IF EXISTS `tokens`;
/*!40101 SET @saved_cs_client     = @@character_set_client */;
/*!50503 SET character_set_client = utf8mb4 */;
CREATE TABLE `tokens` (
  `id_token` int NOT NULL AUTO_INCREMENT,
  `user_id` int NOT NULL,
  `token` varchar(255) NOT NULL,
  `expiry_date` timestamp NOT NULL,
  PRIMARY KEY (`id_token`),
  KEY `user_id` (`user_id`),
  CONSTRAINT `tokens_ibfk_1` FOREIGN KEY (`user_id`) REFERENCES `users` (`id`)
) ENGINE=InnoDB AUTO_INCREMENT=117 DEFAULT CHARSET=utf8mb4 COLLATE=utf8mb4_0900_ai_ci;
/*!40101 SET character_set_client = @saved_cs_client */;

--
-- Dumping data for table `tokens`
--

LOCK TABLES `tokens` WRITE;
/*!40000 ALTER TABLE `tokens` DISABLE KEYS */;
INSERT INTO `tokens` VALUES (82,96,'c0eeffb9-b1b8-40e0-8a72-ff8b96981a17','2022-08-26 12:31:34'),(84,98,'b6a2f470-28fa-40be-a403-2982d8e344ba','2022-08-26 13:30:50'),(86,100,'d898a52f-71f4-4d3e-8e5e-33658b0e97ed','2022-09-22 11:07:05'),(111,125,'9c154f10-9961-47c5-9dd5-87b8202f4d84','2022-10-06 09:55:30'),(112,126,'d83e6a32-3f3c-457f-8b2e-3d7f25075e9d','2022-10-07 09:29:44'),(113,127,'4e2e9e0f-4dbe-41f8-800c-02736dd67f89','2022-10-07 09:41:41'),(114,128,'746f8937-255a-4a57-bde7-a2ae599b3430','2022-10-07 09:43:41'),(115,129,'47fab09b-a2f3-40a0-9cbb-10b20fe55e04','2022-10-07 09:46:51'),(116,130,'2e5d5cea-3331-4818-b247-b228d1f4215b','2022-10-07 09:56:43');
/*!40000 ALTER TABLE `tokens` ENABLE KEYS */;
UNLOCK TABLES;

--
-- Table structure for table `transactions_reussies`
--

DROP TABLE IF EXISTS `transactions_reussies`;
/*!40101 SET @saved_cs_client     = @@character_set_client */;
/*!50503 SET character_set_client = utf8mb4 */;
CREATE TABLE `transactions_reussies` (
  `id_transaction_reussie` int NOT NULL AUTO_INCREMENT,
  `id_req_entrante` int NOT NULL,
  `id_application` varchar(255) NOT NULL,
  `id_service_fourni` int DEFAULT NULL,
  `id_transaction` varchar(255) NOT NULL,
  `numero_client` varchar(255) DEFAULT NULL,
  `numero_destinataire` varchar(255) DEFAULT NULL,
  `montant` varchar(255) NOT NULL,
  `monnaie` varchar(255) NOT NULL,
  `party_id_type` varchar(255) NOT NULL,
  `payee_note` text NOT NULL,
  `payer_message` text NOT NULL,
  `token` text NOT NULL,
  `api_user` varchar(255) NOT NULL,
  `api_key` varchar(255) DEFAULT NULL,
  `status` varchar(255) NOT NULL DEFAULT 'SUCCESSFUL',
  `date_reponse` timestamp NOT NULL,
  `paiement_commercant` enum('ACCEPTE','EN COURS','SUCCESSFUL','FAILED','ECHOUEE') NOT NULL,
  PRIMARY KEY (`id_transaction_reussie`),
  KEY `frk_transactions_reussies` (`id_application`),
  KEY `fk_transactions_reussies2` (`id_req_entrante`),
  KEY `fk_transactions_reussies3` (`id_service_fourni`),
  CONSTRAINT `fk_transactions_reussies2` FOREIGN KEY (`id_req_entrante`) REFERENCES `requetes_entrantes` (`id_req_entrante`),
  CONSTRAINT `fk_transactions_reussies3` FOREIGN KEY (`id_service_fourni`) REFERENCES `services` (`id_service`),
  CONSTRAINT `frk_transactions_reussies` FOREIGN KEY (`id_application`) REFERENCES `applications` (`id_application`)
) ENGINE=InnoDB AUTO_INCREMENT=68 DEFAULT CHARSET=utf8mb4 COLLATE=utf8mb4_0900_ai_ci;
/*!40101 SET character_set_client = @saved_cs_client */;

--
-- Dumping data for table `transactions_reussies`
--

LOCK TABLES `transactions_reussies` WRITE;
/*!40000 ALTER TABLE `transactions_reussies` DISABLE KEYS */;
INSERT INTO `transactions_reussies` VALUES (46,56,'3fcb64c0-9402-4fab-9dc0-8c9760732e18',1,'531143282','677994356','656607817','2390','EUR','MSISDN','FGHGFH','strRHRFHing','eyJ0eXAiOiJKV1QiLCJhbGciOiJSMjU2In0.eyJjbGllbnRJZCI6ImUzYjkyYmI3LWVlNWUtNDM0ZS05MTA0LWFiYTEyMDdiOWRiYiIsImV4cGlyZXMiOiIyMDIyLTA5LTMwVDE1OjA0OjM1LjczMCIsInNlc3Npb25JZCI6ImI5NzdmM2VhLWQ2NjItNGY0YS04OTM2LWQzMjkyZTMwYjkxZCJ9.J1Tw9dY5zEXE4z-LoBErKwFU8RTR6xl4ygm47Ix1RPh0RMnsZ-C8tdiLAMrLLKfsUh_YOw_f6A5nuU1UWLKeM5McnpbS7CnrEEGC3IWFzkXYxlDKBMyECjn0iSHxVWcZCrrmr4L15rW_XbQ64bTqo8-CxPUU8pnOFlffAnSo3uZfmaVweqwZJrtEltS9tnR4E7MYJRfVMuX9kmac-HDnrrxD_0hQtHlyX57QeXd1pbijGiVG0ai6aVssAhQHutYgQQzStsXDswIl7Aje3r6HYW2RE80QKMvpe8I5KtoFzLrcnfQZPJvAcJSfqIAI1ULpJ8-LZ8LSjw01Z7BV7ACYuA','e3b92bb7-ee5e-434e-9104-aba1207b9dbb','96cf7ef6e73a4ef1a4af0f1fe86dcf74','SUCCESSFUL','2022-09-30 09:58:42','ACCEPTE'),(47,58,'3fcb64c0-9402-4fab-9dc0-8c9760732e18',1,'951548428','677994356','656607817','5600','EUR','MSISDN','FGHGFH','strRHRFHing','eyJ0eXAiOiJKV1QiLCJhbGciOiJSMjU2In0.eyJjbGllbnRJZCI6ImRkNDk0NTM0LTVmODYtNGI2Yy1iMDkwLWUyM2ExYWVjNmM3ZCIsImV4cGlyZXMiOiIyMDIyLTA5LTMwVDE1OjA5OjU1LjEyNiIsInNlc3Npb25JZCI6IjFiOWJhZThlLTEzNDYtNDdjNS04YmVhLWMwMzM1MWRiOThlMCJ9.hsft6eHAUcU7_GDOBqlnRGAnMVPU95J77CCjMxI9gzIYm8Zn-Xn6H6B01hXgWzoB1yHDL85AS1_MlZODqzQGMUUyLW1YxP4xBwG_lum9gpjUgZviTMwiiCd-1GzKg08ixmMD5LM9FmqMP8YQ2AhDhhQEop32znNNbvdmqDxeuFUJ7ucckVYYuplSaSuHCiSTdM9e47JHnjAmDEx7Gkkek7kx0jeDXxX-BXcE4XrNtLGEhI7hp8jB7XcjM3dJq7GnlpVjsaxVLe9csm42Bj-vea-oqoIUSVP7mXAPYa3HGxxp3QyLgfcaZ1yAsWBhwK4r2ncBxDCp7upC6DOAVmi3Hw','dd494534-5f86-4b6c-b090-e23a1aec6c7d','62a0fc7d5255485184292b88f2ca93d2','SUCCESSFUL','2022-09-30 10:03:52','ACCEPTE'),(48,59,'7f218e21-49b7-4fd6-9457-df8c662d0668',1,'1880981007','671223416','656607817','11000','EUR','MSISDN','FGHGFH','strRHRFHing','eyJ0eXAiOiJKV1QiLCJhbGciOiJSMjU2In0.eyJjbGllbnRJZCI6IjZhOTYyNDQ2LWI0MzctNGE3YS04YmU1LWM2ZDJiMTlhYTllNyIsImV4cGlyZXMiOiIyMDIyLTA5LTMwVDE1OjEzOjQyLjg0OCIsInNlc3Npb25JZCI6ImVmMzM4NTM1LWNjYmUtNDMwZC04MTZiLTdiMjNkZTNjMDIyMyJ9.tfBT2zgPTUMyZd4wr8prlG_0jXCl0uUl2iLvAqSba0taeEo6UxIMhNnRLBCrz3IbKDtUeuLm_F_uvXAo4GPYwFUb9zLOxDHfszkKL0xWdTMizouqKDuCQKjM84jasSDOc9UAk9pwPkLMAS07SV5k_s8EHIeW_8BKJNEXXP5L_ZmR-wO-5F1dzR8sT1P0i0du5FiwNWyE3-wRe3cJcba_lqS6XuTr5P777-LiqKartU8oxsOftEpJbfpNMlRzUzcLkJinTxt-ifnV3YyWWUiOSkldUnAfrzeunlmOQDXg26-OQDWYD3YqP_jEYEdFzgjKzp1Fu7GZAZar8jj3WcXMxQ','6a962446-b437-4a7a-8be5-c6d2b19aa9e7','d3e5b3d2247a4e40a5195c83b872cf19','SUCCESSFUL','2022-09-30 10:07:48','ACCEPTE'),(49,62,'7f218e21-49b7-4fd6-9457-df8c662d0668',1,'47111685','671223416','656607817','600','EUR','MSISDN','FGHGFH','strRHRFHing','eyJ0eXAiOiJKV1QiLCJhbGciOiJSMjU2In0.eyJjbGllbnRJZCI6IjViMTAyODZhLWExYTItNDg2My1iNDBiLTk0YWIwNTFkZmQ1OCIsImV4cGlyZXMiOiIyMDIyLTA5LTMwVDE1OjIxOjU5LjUwMyIsInNlc3Npb25JZCI6ImY0MGY5YjE1LTczZDgtNDhmNC04NjBmLWI2YTAzNzg2YWQ2MSJ9.rT0cb4QRn6lzxYQ4k7kGfiU7SAHqOFofGaoXB2yNkPecM5ZRxKuifue5RSCMfSqRDsgHx21NQjagLdY0dXu9V4aVZ00DdPIDQKwezJBSjpUwD6Cup9eO7eQKq395Cx_UtP2wJ1nE1ZcPByyk2mp7Wdg1_y9IMY-v0IMulHNePPE-RZmFfKa08LmbfRRA4aXLcksJrtQABTmTMcgIn1kibpI5_QEfR8nLDML5RTd3NvZje2WE86G6s-Q_IlvWkJGK-gp-7PsD6ccxSo3mbYWeQRQcjY-9oXOu7tzhus9qrUSbRVWLfx4q7nzJe8sgqulRpnpFYkYv9DvwCsKoLVMlHQ','5b10286a-a1a2-4863-b40b-94ab051dfd58','9c7bb732adab496c8afe07a4f51b2ea6','SUCCESSFUL','2022-09-30 10:16:05','ACCEPTE'),(50,65,'d2655bbc-d801-4040-9646-6e207dfd3a62',1,'1151360525','674565432','656607817','900','EUR','MSISDN','FGHGFH','strRHRFHing','eyJ0eXAiOiJKV1QiLCJhbGciOiJSMjU2In0.eyJjbGllbnRJZCI6IjJkYjEwYjY2LTEyYWYtNDk1ZS04M2E4LTgzYzdlMDA1Zjk2MCIsImV4cGlyZXMiOiIyMDIyLTA5LTMwVDE1OjQxOjQwLjU5OSIsInNlc3Npb25JZCI6ImU3YjcwNTI5LThjZGItNDhiYS04YmJlLWNhOTU4NzA5ZjhlOSJ9.vqUH5OomyYpxYPz37JnlYLdd6qLWZO97E3YpdQWH6hQYhA6kAOSxfHw4m8Re4QaQWbvzNBk3gldteCBa3g-1cTj3TV-oq1bxLPmlLgmwwlA_Fz7pcV5IHlA523JA1x4tdlDM5NFylmmcxKuRDDvPtAIykERbQpagloYbaZbFfH-OsFqrxkaLG3MOVAFrloOANcQ7OYagx8rsXJcKv_4LUPxtsdo84CYkorwtg9eo3Krlj3J1UUzRPMehkT31H-2PLH-1ZQtFL_T209kG15uxwKLnM1sEsA58ts3Wqh2eCljJl65lebj3sG5cwf84ssZ45OJwwMuXBNIy0NqMss1MAQ','2db10b66-12af-495e-83a8-83c7e005f960','a39650d221f6447b95ec659063919214','SUCCESSFUL','2022-09-30 10:35:49','ACCEPTE'),(51,66,'d2655bbc-d801-4040-9646-6e207dfd3a62',1,'130265611','674565432','656607817','1900','EUR','MSISDN','FGHGFH','strRHRFHing','eyJ0eXAiOiJKV1QiLCJhbGciOiJSMjU2In0.eyJjbGllbnRJZCI6IjllZmJiNTkyLThjMmItNGI0ZS1iOWIwLTEzZTM4NTQwYjk4MSIsImV4cGlyZXMiOiIyMDIyLTA5LTMwVDE1OjQ0OjEwLjU4NyIsInNlc3Npb25JZCI6ImVkMTVmNTMyLTAwMTItNGNjNC1iZDIxLTVmYWI1OWU4Nzk2ZSJ9.IXZa9kMq7cuOCowDa8hauVmunu9ls42ObghaCG3y_HioMEEXc_5s9-vj78ZoOFjKQOCXHlicGnT7MYyfeCLHMTJw1_T5MhFj5rAmcu7u0nw4WFumT3QJF_euJDrJxts1YMRAc3JRWO2cWfoTNUQr6qlwHwTcmF-98AGKC2Lud1blUgyg0KET8mvJHcllkOQLX6SIqp-QzCYs8tJe6isvLEcuxhUJhrNUwKVPtfM0braEN4D3WVTpV6i4TzYKSi68oXqk2wT-Vj1_BEpDC0woiSIyIZB6xSNCmpipvOy_rN8V7TyJYATCSDbHCknnGATp1cpW-0PIYcRLjBtaR7gx7g','9efbb592-8c2b-4b4e-b9b0-13e38540b981','b00d26ea4f44469b9cca02ed32f5ad5c','SUCCESSFUL','2022-09-30 10:38:00','ACCEPTE'),(52,67,'d2655bbc-d801-4040-9646-6e207dfd3a62',1,'1471991353','674565432','656607817','1900','EUR','MSISDN','FGHGFH','strRHRFHing','eyJ0eXAiOiJKV1QiLCJhbGciOiJSMjU2In0.eyJjbGllbnRJZCI6IjFkNzRlY2Q0LWQ0ZDUtNGEzNS1hNGE3LWZlYzMzNzVlOThjYiIsImV4cGlyZXMiOiIyMDIyLTA5LTMwVDE3OjE5OjExLjY4NyIsInNlc3Npb25JZCI6IjRhNWZiZjNkLTNhNTEtNGI1ZS04MTZiLWM0MjI4NTgxYmQ2YyJ9.vt-7UPQdEbic5JLkD43Ia81cop9YH1oYcn_qtN5aEO5idx5CYCuDw-6qf-EFSoMois7D7HtFYzEanYlICMEEuJ27GbuC5qmQvD5yws1zaawRXhkeuur_qbMKSwRURk-4fFMKbF02NKsXwcVWXV_YKn19OIKaLric60mHweAj48wFT8ZJqQHndzBy5ibPf-mVioBn7wXqIYKrmG7HLkAyzyQNs3cK60GY6-bhnr5AP1HpT8d6Ay1MP83lVkblOt962V8XfUjm_0y0ZfJ1KNUHMqqVmNn1QaJYixhytE_DMPbC64iTRBsvdx_cXBIwv6KoSEHHN9YcCxABNmAX__7KxQ','1d74ecd4-d4d5-4a35-a4a7-fec3375e98cb','92934588f916473e8b88084e20219bf2','SUCCESSFUL','2022-09-30 12:12:42','ACCEPTE'),(53,69,'3fcb64c0-9402-4fab-9dc0-8c9760732e18',1,'819941967','674565432','656607817','19000','EUR','MSISDN','FGHGFH','strRHRFHing','eyJ0eXAiOiJKV1QiLCJhbGciOiJSMjU2In0.eyJjbGllbnRJZCI6ImFhY2QyOTM1LWExNDUtNGQ3Yy1iNDhlLWU1MmE5NWM0MWJmMCIsImV4cGlyZXMiOiIyMDIyLTA5LTMwVDE5OjUzOjEwLjEzNSIsInNlc3Npb25JZCI6IjczNWFjZDEzLTYwNzYtNDM2Zi1hYjAyLTM3MjAxNTRkNzdhMSJ9.aBP-TctrxkipvG54ryOOiwJKoM-zUhWv3V3LtelU2JEHpEborW_Q9MlEAM7o27suY_ea5uhqI4GCSPMnTo8fzfBshmB2gXBuHIPgtuGzO-rMh3HS-PgjZ09p-ZoAqxiA1x9QvEWnpecMzJAFDyBP_znIw3zRXDZDhLHjTck6Jv8EfSnFPzggisOate3n7ynBZEh2131rcaJqyKos1g-ssrj1NR1mxsF3cCMyJpB-gEuEDGNxgppjzFUBZIDFiwLdOtBfXTBPu8Fqnl2w_Uz7vTBhYTDIdy64aYrgcgT58Xv4NP5bPSs3Ax8WXm5_1Xe7NNb6-8GxYHwJvTuZV6nIsw','aacd2935-a145-4d7c-b48e-e52a95c41bf0','32f2e3787d5042bfbe50604448f98130','SUCCESSFUL','2022-09-30 14:46:41','ACCEPTE'),(54,70,'3fcb64c0-9402-4fab-9dc0-8c9760732e18',1,'764883217','674565432','656607817','18000','EUR','MSISDN','FGHGFH','strRHRFHing','eyJ0eXAiOiJKV1QiLCJhbGciOiJSMjU2In0.eyJjbGllbnRJZCI6ImMxMGMyYmU4LTlhZDMtNDkxNS05YTllLTFhMWJiNmM0YzY5ZCIsImV4cGlyZXMiOiIyMDIyLTA5LTMwVDE5OjU1OjUxLjM4NSIsInNlc3Npb25JZCI6ImI5NjQ2MDk2LTRlYmEtNGZiZS04OGUxLWQyZTQ1YTVmYTNjYiJ9.IFmBcd-A3EsU_wc1-uqJunvG5EozvVfuLkcJkXlm_Nqh21pE0rdFkFUch5LkgRPt3Xe6FbfdR9UY5OvUW6YOxEbPLRrb7mhCT1qpY4O0NvBSkv0BbYd4dM_bJhGpM-kI58tMYs9qS3Yzy-43zGzGO2v4MchmIdFVNHE0MVXB5uE53f4NRYQ2cenn1yQOL5rHOX4iYQvsk19yh8g6CLmNgzexEquNE2Gc2xv4yEuAcRFdGKcO-W0sredIFQZII-mUdFlGeEB7PWBFpSQjENFyBX2Zq67-Hb4wLjDPU8kZMQDXdwAIGdNGf4rDKHhmr2yM3-Kjdh873ayjLljiZaA7rA','c10c2be8-9ad3-4915-9a9e-1a1bb6c4c69d','ab19bb95d0f347529906fb4e345f78ce','SUCCESSFUL','2022-09-30 14:49:23','ACCEPTE'),(55,71,'3fcb64c0-9402-4fab-9dc0-8c9760732e18',1,'2072438632','674565432','656607817','180000','EUR','MSISDN','FGHGFH','strRHRFHing','eyJ0eXAiOiJKV1QiLCJhbGciOiJSMjU2In0.eyJjbGllbnRJZCI6ImY4OGIwOTUxLTZjZDctNDVkYi04OWI4LWRkYTU5ZDkxNTg4MyIsImV4cGlyZXMiOiIyMDIyLTA5LTMwVDE5OjU2OjA5LjAxNiIsInNlc3Npb25JZCI6IjdlOTQ0MThhLTJlMjEtNGE3Mi1iNTA4LWZhOWVkODg3NWMzOSJ9.BnvmkIO_BlKdFHXuNv5OeAzoK2HuY1mukIC--galC7lHNdZTAwH9clSbDL9UDUbqAwJ-VX_WhTrKyCCNvk1WRCHtPJcD33GiMmfwFziMhi9IDWhusLIpsTl-RalfAsjWrnS4qi9zNfYDtfw8Ekuv2dQ802NaHwBVjX7CPTJJL6cbQ2D4FArffJOywKjMQAEr0C9JhGZTYadnBuJNFV21z_S8fyERAUI1lyO61oiwoRGzv8r4qXeWCgecHVAfqowkr6v-Z93j68yqtksLle9hCIMTHJff5os2dXf6E6zB9AFhuvNcEUYSTuh4lezUbH4a2CLnxY83I-TiEPAJhQ13Tw','f88b0951-6cd7-45db-89b8-dda59d915883','f96fee2cee3347dabba25c39744515a7','SUCCESSFUL','2022-09-30 14:49:41','ACCEPTE'),(56,72,'3fcb64c0-9402-4fab-9dc0-8c9760732e18',1,'1901391827','674565432','656607817','9870','EUR','MSISDN','FGHGFH','strRHRFHing','eyJ0eXAiOiJKV1QiLCJhbGciOiJSMjU2In0.eyJjbGllbnRJZCI6IjNkM2M3NDA3LTNhNWQtNDY3Ni1hMTNhLWYxY2YzOWI4ZTJkYyIsImV4cGlyZXMiOiIyMDIyLTA5LTMwVDE5OjU2OjMxLjA1NyIsInNlc3Npb25JZCI6IjFjYWVkMzMzLTAxZTEtNGRlNS05ZWJiLTM2ODk0MjllNDJmNyJ9.qTOWyFnoirpNzwWVUo70lYXp1IV29NqFL9k2gQoFRyF-5VWcaMi23WRkpKp9vCJw_609iteId6uwe-NQe-iC5tM8gei9CXhpk9aviSpFKenLgcnGqR8Riwj7Te5fs6S-ZUKjOE_dd27VSOamWNRuC8tcd8WSxkC-Mj8Js3YuqmYAqxPpaROblc6HqSC55ZuZ1Ps6WDFbp7pLG_mdlcPooh0sWMK3iksJscZg1cW6ZgXJMZJrQYorSjRWWywCw5q76rpM9u4mGuBeAkZJLF4kcSXd7t_HwKWhEx3KJC3iSibA_c4PMA2Nr8U__lMgoVs3epoiB896cQxVBowoW8qsqQ','3d3c7407-3a5d-4676-a13a-f1cf39b8e2dc','d06187b720464b639ec834453c54d6a2','SUCCESSFUL','2022-09-30 14:50:07','ACCEPTE'),(57,73,'3fcb64c0-9402-4fab-9dc0-8c9760732e18',1,'1898668357','674565432','656607817','9870','EUR','MSISDN','FGHGFH','strRHRFHing','eyJ0eXAiOiJKV1QiLCJhbGciOiJSMjU2In0.eyJjbGllbnRJZCI6ImM3MjA5MmY2LWRhMjEtNDUzNC05MGE3LTEzMTZmM2U3NDdiNyIsImV4cGlyZXMiOiIyMDIyLTA5LTMwVDE5OjU3OjQ1LjQ0MSIsInNlc3Npb25JZCI6IjNmZjgzYThhLWY2Y2YtNDFhNy1iZDBhLTcxNzNlODQ0MWNiYiJ9.oykpKjIK2kLruYAhSDldmPZaWUd-IgDWPyPpLm09PiEyqKl_imIp4r7e1F-zJbZ6zz-Gy011S7LDJfwVkpjxUgO6p4eeJFSaSX-aF0s9nolaDys7y9z1b5V2sAhJPW2-rG9bpo6XcNPwBwIBM-udrb-4uUszdaXU9LZnuL8jLxu6z0lhhmBkT_EZGug5yFLkbEPPPlS8M7ZVGQRcGISF7eSdaaYy8AN-UT5zPW7P8ZMmKeRBJpzlOk9vVmfHSHnw9WxD6qwvINEbveJKRrhKZop0e7rO6-Z8Cnv5jB63snsVh4OYQsSiB31tL0PcPrxwsx_oVKpeRzX2iRmSYCGvQw','c72092f6-da21-4534-90a7-1316f3e747b7','d44bee18ef3d4d37ad44c399ee143475','SUCCESSFUL','2022-09-30 14:51:17','ACCEPTE'),(58,74,'3fcb64c0-9402-4fab-9dc0-8c9760732e18',1,'1693597835','674565432','656607817','870','EUR','MSISDN','FGHGFH','strRHRFHing','eyJ0eXAiOiJKV1QiLCJhbGciOiJSMjU2In0.eyJjbGllbnRJZCI6IjNkNzA4N2ViLWI5MWEtNDAwZC1iOGQwLTI5OTNlNDVlOWQ0MSIsImV4cGlyZXMiOiIyMDIyLTA5LTMwVDE5OjU4OjI3LjA4NSIsInNlc3Npb25JZCI6ImRjYmM3NTlmLTgxZmQtNGViOC05M2Y2LTc4NmQ2OWNiMjQyNSJ9.vSQkh39LI-znu87Enq5sx3gw9_ylnSpapVmLSVW1mu2f9owhdpfFkgzmKF5_Er8Ci5T4zTE61YpPUbqcsY1AobAfaQNziYhw4T79HBcCc8tM_51DaEtTBCZVZvzUD4eALeQiXrt8yeGSuEUXOKywwMs9qKJ7jHJZCaRO4TA6SB_24g2nYDXg_hukuB2T1hM7n0F8nPaE1lfb6t59Cv1-u1DTspeSN_ish4LJj164PnB2zDef-zOR6DrMaowkBvGD-J_f2e4BAxXSYw-vxwpxu4z-QU2XCAJkrX7DBYeVKuH8cTDtkhmGwT9hc2yKfr7LZ7EKGJp3TVHpfne5UnoU_w','3d7087eb-b91a-400d-b8d0-2993e45e9d41','07fed64db8124bee8e861689f512d301','SUCCESSFUL','2022-09-30 14:51:59','ACCEPTE'),(59,75,'3fcb64c0-9402-4fab-9dc0-8c9760732e18',1,'1940430269','674565432','656607817','8700','EUR','MSISDN','FGHGFH','strRHRFHing','eyJ0eXAiOiJKV1QiLCJhbGciOiJSMjU2In0.eyJjbGllbnRJZCI6IjM5ZTg2ODZlLTQ2NGEtNGM1ZC05MzNjLTlkODIzYjg3MjkxYiIsImV4cGlyZXMiOiIyMDIyLTA5LTMwVDE5OjU5OjA0LjI4NyIsInNlc3Npb25JZCI6ImMyN2FiNzU5LWUwZmYtNDY2OS1iNGI5LTA5MWJhZjY3ZDMwMiJ9.0Ajx1j-vftE8ftS6VsBUuoeqfXmGFHlBYnOKd92V0WohPGEsxOBEthrs8kH2ay-RUjvvDMt1wvaHvRiFr5sAeNPsijLx3D7A-cFi9y74qjIFYCvsb08ZRO4GFRAo2OIsEY9zKriauq0uUpn0VDDukcf99vQcqslEJd9R4PPwKT5V5Hognlz8qID4u16DrH1nID792jcwP1ZKLuEIgHrhuIo6a2hhpF10gws1Bjdqouu2nAycFZJAoX9A8BiTAWt2al0_k4tSDVlwMMfFz_rM7VDY9yveU0I2vOGNMmvNpqFC-Lf4CrA2VD8fDrCNeP6GCgcZeZw4Yb-JA_QbvT1BIA','39e8686e-464a-4c5d-933c-9d823b87291b','af0c44267e1145c0b3e127400dbaa1db','SUCCESSFUL','2022-09-30 14:52:37','ACCEPTE'),(60,76,'3fcb64c0-9402-4fab-9dc0-8c9760732e18',1,'1487417842','674565432','656607817','87000','EUR','MSISDN','FGHGFH','strRHRFHing','eyJ0eXAiOiJKV1QiLCJhbGciOiJSMjU2In0.eyJjbGllbnRJZCI6IjBiZDM1MjM0LTYzNjYtNGIwZS1iM2Q1LTQ0N2ZhMmViYWQ3MSIsImV4cGlyZXMiOiIyMDIyLTA5LTMwVDIwOjA2OjI4LjIxMCIsInNlc3Npb25JZCI6ImQ4MmM2NWRjLWRhYWEtNDE1OS1hOGE2LTFhNTlhYmU5NDQxOCJ9.Sp-9hjQsE0JIySiY1VZy-7TIdbnmfXPhz7C_YZrM7huqk4KMlL79tEwBAKQYYCtfgbMgTCQN2XY6SOETNaD6bkIS9x1T8a0YxfUXvfeUWSRgnVs5OktDUUlD95j7txBpstbFj4xv59Z31-mAB0gUUqofu2BCnl1fK18PxKIxbCEIicCWminFGjGZxjbDFq5Ns0MXKbDB8JHyW8EoT9bFKC5am8s6wZs-uxKqtUOm8Z-fPl-ZJBqxNuIOPMV0zQdvujvhMI8PnyGyDShzW5hWWtFCzdvIVx88tAA_l1XJhP3IjIZFE3DjULBfApYwNTklSlkUz5mIogun1HVkBLlbeQ','0bd35234-6366-4b0e-b3d5-447fa2ebad71','d0f264feb2ec43fba6db5445a0833d47','SUCCESSFUL','2022-09-30 15:00:00','ACCEPTE'),(61,77,'3fcb64c0-9402-4fab-9dc0-8c9760732e18',1,'1143960077','674565432','656607817','7000','EUR','MSISDN','FGHGFH','strRHRFHing','eyJ0eXAiOiJKV1QiLCJhbGciOiJSMjU2In0.eyJjbGllbnRJZCI6ImE1YjYwYmIxLTc1YWUtNDdhYi04MDc5LTA3YWFkMzlhZWFkYiIsImV4cGlyZXMiOiIyMDIyLTA5LTMwVDIwOjEwOjU4LjA4NyIsInNlc3Npb25JZCI6ImFhM2RhYTk4LTk4MjEtNGI2Yi1iZGU5LTY5MmNhODU3YzVkMyJ9.zbKFg2paHGa9C-NjzSSrUCsMzQLCzl69aIwaMmx2eLBbP_qjLZ9-pFgYis1QsOmvB97k5aGQSyYmNy_ccc6nqAgZkmwloAC5TIkZGl-M9jRf1v07V7yJe0Z7o6kev8RlScw2tndQNXcF54VnWOAvQjXIrMUyf1LIof2oKhNlio2b6ZehU5jNekMewwB-scZjLB5R3mXrNMnQPNQusdlie03OIbzegf3vVYAcCumsmL5ftlWy6QrWY3-W-9rcFbaSsGbyPDmn09NmMD811Mp7fM6K6T4IpAOpeJOiUzjQ-ohdXQtGgwZ8LDbcCLzfJd-9JrDYWdIdsEe1q5-4bUPwSQ','a5b60bb1-75ae-47ab-8079-07aad39aeadb','264ea41630f14f768ef54c5ee0520002','SUCCESSFUL','2022-09-30 15:04:34','ACCEPTE'),(62,78,'3fcb64c0-9402-4fab-9dc0-8c9760732e18',1,'2005637614','674565432','656607817','7200','EUR','MSISDN','FGHGFH','strRHRFHing','eyJ0eXAiOiJKV1QiLCJhbGciOiJSMjU2In0.eyJjbGllbnRJZCI6IjEzOTM4ZDMwLTVkNjEtNDgxYS1iMjUwLWE2NjhkYjRhYTZmYyIsImV4cGlyZXMiOiIyMDIyLTA5LTMwVDIwOjExOjI4LjM2NCIsInNlc3Npb25JZCI6ImY2NzIxOGI4LTcxZmEtNDg2Mi05ZDk0LTIxZWI4MWI5NjdkYyJ9.Hkj1TeorPqjwHSJHx3QeX09gBPuOc7X8PUaHG_nYrfpyByavtPHnE-9aYwBjqwc0M84i784oP3NMynrIWfiHTjM5VylR_8vvzDWc6oAtN5Ypu6o9bWJ4_SD5OjwAB5j_cyJyQRGO3Kh7qm9MuY-4g_UO6suJCa_QLHin0HwZ3D8INnAnTysw1omFECRFg5dJt25SjoJRA6bpjd0B6U92b-YN6DTLepNXfmU5suxHg6zJWG4NFhsL3JJZQ-N3CjUHAYPzuvWj1N5WLVWaRMCWGsvabhUM36DyYijEqnsMDwPlMx-HeEwwd6oh829Gq70qN6izhvli3cQWZmkg6dPsDQ','13938d30-5d61-481a-b250-a668db4aa6fc','0885ea31c2ab4d73b0aee8e75eaf4987','SUCCESSFUL','2022-09-30 15:05:06','ACCEPTE'),(63,79,'3fcb64c0-9402-4fab-9dc0-8c9760732e18',1,'1787806676','677997865','656607817','2300','EUR','MSISDN','FGHGFH','strRHRFHing','eyJ0eXAiOiJKV1QiLCJhbGciOiJSMjU2In0.eyJjbGllbnRJZCI6IjUyMGUzOWExLTI2MzMtNGE2NC1iNjA1LTU0Zjk3OTNmOTRlOSIsImV4cGlyZXMiOiIyMDIyLTEwLTAyVDE1OjM3OjEyLjg1NyIsInNlc3Npb25JZCI6ImM0ZTllYmI1LTNkMDYtNDZkMy1iMDkyLWU1N2QyZDMzNTZlNSJ9.bP3hzjlK4KjE4uIhI7FAhIAiw_cpp6wwwIfTqbRxZLkQfzj06EsLKZMNiZzrHl6_oPrzrdJfy2nKhahDdKtn-B5UTUXYDMexHybuRm0NChJTHH141HeADvp4fb-_4tXxLO-hl1KtdJL4D0QutuPcR-6vhtwmEzJPCkEoUY4ZMGuVUZpJjKMRc31h6V-X5VK6pDCv4sDsKyiWGKZOulcMCiIGfWKCzUyFjDeSMw7voe2Y8O4ygtFR7HPcprfSQiLJM7Th96pR28yqc-vHY3iLg-4X78S0OnUNE5bE4bvGGVGt9nNl4aiNAi799PVZx08gBI0IV-VdodNhfOe1U1gjzg','520e39a1-2633-4a64-b605-54f9793f94e9','f3199a1fad02478aa5265947264f18b0','SUCCESSFUL','2022-10-02 10:30:38','ACCEPTE'),(64,80,'3fcb64c0-9402-4fab-9dc0-8c9760732e18',1,'315871351','677655654','656607817','2000','EUR','MSISDN','FGHGFH','strRHRFHing','eyJ0eXAiOiJKV1QiLCJhbGciOiJSMjU2In0.eyJjbGllbnRJZCI6IjExYmJhOGNjLWRmNDQtNDgxNi1iZDk5LTQxMWZlY2IyOTgwZiIsImV4cGlyZXMiOiIyMDIyLTEwLTAyVDE1OjU4OjExLjM5MyIsInNlc3Npb25JZCI6ImRiNTAyYzM0LTYwMTgtNGUzNS04NGQ0LWRmMTI0NDFmNTkwMCJ9.d7Eqin33ZcGJI8I1VC0KStaAS-O8Qi7pBjLgcq_vS939x9ZTv9nFsbjhNtB8qxEuexcooDC1f5xVh0qqZ4TE5xoKs1bMGyI-5sqITriSy6WcCEVwgXPFtUsJPpfV1xwAuYA2LNJgtwaMjsiZjg7sBv3IGGeiXM6H08QqXNce92i3BzkXm86AC85IkKHZ41ivIVyzoC7LrxpEpXWTPlmoh3q_M7b2YQo7U0VUZP6dELBOTPkZPRxdrETsVsVf1Cv5pTR3qHq99RxJoOC3-tvOO-3KkRDuCxPxu0KCAAvnYctwddxI_DTBaN-hMnZd__CJbhbhYmHhKMypGhKBYZ4TPw','11bba8cc-df44-4816-bd99-411fecb2980f','d59ea954944940ed95baeecadb87f824','SUCCESSFUL','2022-10-02 10:51:38','ACCEPTE'),(65,81,'3fcb64c0-9402-4fab-9dc0-8c9760732e18',1,'1434569376','677897656','656607817','11900','EUR','MSISDN','FGHGFH','strRHRFHing','eyJ0eXAiOiJKV1QiLCJhbGciOiJSMjU2In0.eyJjbGllbnRJZCI6IjM5Yjg0NTgwLWE2NTYtNDQ4Yy05MjlhLTY1Zjk1YTBkY2Q0YSIsImV4cGlyZXMiOiIyMDIyLTEwLTAzVDE1OjI1OjU4LjE5MCIsInNlc3Npb25JZCI6IjliNDgxNjcxLTA1MjctNGZkZS05NmVkLTVjMTE3MzgyOTQxOSJ9.YTE2Hh5ltwuH0TapaiAJZJJLMWC51uTazTbmMHK12UMhr4ZtUaKjnoizg4LxmRijOx0vkZ8JXt9EKJKBjA_qeD2JjRMFAuVp7TCEs782oIVoSDOGliuDZDNO5_T0nL0L8wik-sBL5NfptPp7n2DHdg62F4Dwpy3V-D4SvXNIZktLmyrk8D7d3TmpzyozalvCCsbAjSMtybgIFgO9Hxycr4Dg1jnM9_hUnV1OMnSJhiuRJWaFwf_TMs2e0nRRJH4sc5aIjkGV8S3S025hsATm2iPJT04E6E6y2HUwzhCTFC3hRhq0gw8QhAf_Zy2dx3keqr743vbggpZ-SM2URdpLGA','39b84580-a656-448c-929a-65f95a0dcd4a','eacc53ffb0d9411fa01a2c99235d0086','SUCCESSFUL','2022-10-03 10:19:21','ACCEPTE'),(66,82,'3fcb64c0-9402-4fab-9dc0-8c9760732e18',1,'2101009164','677897656','656607817','14900','EUR','MSISDN','FGHGFH','strRHRFHing','eyJ0eXAiOiJKV1QiLCJhbGciOiJSMjU2In0.eyJjbGllbnRJZCI6IjQyOTQzNTE1LTNkYWQtNDYzOS1hNDJjLTU1NTZhZTIyOWM3OCIsImV4cGlyZXMiOiIyMDIyLTEwLTAzVDE1OjI3OjE3LjA0NyIsInNlc3Npb25JZCI6ImUwOGI5MWIzLTNmYmMtNGEyNC05NmNiLTQ1OWRmOGNiOTcwZSJ9.WytFIPyQxfpUvlbVm3Bnp4EYtTmcgeExeSqFAkBU0j4JOFxypKtJ442ebAtkLgabuQF40K5hew5QhCoTPyf9pBWtLhlB9LOcde12EtYIEC46P-3oE-nG6ZQgTZ9-U4hDGyV_BLKoIkIFZ73aIdoVopHg-aqTBv6dvIGlDafREbhnKi3DJHQ3oEhomwfqI16leRYhVx4IA2i_xT-rSXvmbx0gF_1YaU8MGF5fcxrvLsiBdwtrrNM5vIgXfvlI-XSgTT6-5dwd98-lYTfv11WHMZ5oOhWmZ-D2jfcTVmiBx6LmQOfmLUFrAOXf93YHn5hVoCTvIaUyrLulanjph2vtsg','42943515-3dad-4639-a42c-5556ae229c78','82fa5f04aa8e4f12bb7d88542755e828','SUCCESSFUL','2022-10-03 10:20:39','ACCEPTE'),(67,83,'d2655bbc-d801-4040-9646-6e207dfd3a62',1,'1369743738','678876545','656607817','1250','EUR','MSISDN','FGHGFH','strRHRFHing','eyJ0eXAiOiJKV1QiLCJhbGciOiJSMjU2In0.eyJjbGllbnRJZCI6IjUxZjM3OTIzLWQwOTQtNDk4Ny1hZWVmLTMxY2I0Nzk5ZDQ2NyIsImV4cGlyZXMiOiIyMDIyLTEwLTAzVDE1OjI5OjAzLjEyNCIsInNlc3Npb25JZCI6IjdmMWU2YzIxLWMwODktNDQ5MC04ZjQ5LWYwODI3MzhkYmYyYiJ9.z2aColJV63-Jz_KyX_da8lS60_A8dcLjv7l_aIsXtRuJb3Hk-4lVqZc2dT2ZiYtkrkmEO80Qhtg6HoTord2zEZW_PzEZjo4jpyphtqiDRWJFrCFYVkLGJS-QPheyS4uvlZCGoQdoF6kQQS0L-68aizePQQZ-DOCdNNZFbfD0r0VXfhEvPLGAR2hT5Xsb9bTv-oH16afHZAVl9p9C7jwL3PGJiiLJiVMDjPnru1t7h3KeDXEjU7K3XF0HErUkcBr1tPsSnifcDFdIm5zB9e6sw2XWen7ljeFMYi0vUR61VzrGp_f9Co2aBFj2KEt9p9NVWNiVoakyWlDvDUWYct-V3Q','51f37923-d094-4987-aeef-31cb4799d467','0d4c9c26108148f4a54950915041fb97','SUCCESSFUL','2022-10-03 10:22:26','ACCEPTE');
/*!40000 ALTER TABLE `transactions_reussies` ENABLE KEYS */;
UNLOCK TABLES;

--
-- Table structure for table `users`
--

DROP TABLE IF EXISTS `users`;
/*!40101 SET @saved_cs_client     = @@character_set_client */;
/*!50503 SET character_set_client = utf8mb4 */;
CREATE TABLE `users` (
  `id` int NOT NULL AUTO_INCREMENT,
  `nom` varchar(50) DEFAULT NULL,
  `email` varchar(255) NOT NULL,
  `password` varchar(255) NOT NULL,
  `compte_active` varchar(6) NOT NULL,
  `role` varchar(50) NOT NULL,
  `premiere_connexion` varchar(6) DEFAULT NULL,
  PRIMARY KEY (`id`),
  UNIQUE KEY `email` (`email`)
) ENGINE=InnoDB AUTO_INCREMENT=131 DEFAULT CHARSET=utf8mb4 COLLATE=utf8mb4_0900_ai_ci;
/*!40101 SET character_set_client = @saved_cs_client */;

--
-- Dumping data for table `users`
--

LOCK TABLES `users` WRITE;
/*!40000 ALTER TABLE `users` DISABLE KEYS */;
INSERT INTO `users` VALUES (96,'Harold','harolojohn1@gmail.com','123','1','administrateur','0'),(98,'Harolo John','accessrandom976@gmail.com','123','1','e_commercant','1'),(100,'Naruto','naruto@gmail.com','123','1','e_commercant','1'),(125,'','fooyoanne@gmail.com','','0','administrateur','1'),(126,'','toto@gmail.com','[C@9e8ae5c','0','administrateur','1'),(127,'','fsdafadafdfdsadfdfdasff@gmail','[C@438b5b23','0','administrateur','1'),(128,'','fsdafadafdfdsadfdfdasff','[C@a129661','0','administrateur','1'),(129,'','fsdafadafdfdsadfdfdasfffdsf','[C@53cd7777','0','administrateur','1'),(130,'','fsdafadafdfdsadfdfdasfffdsf@gdfgdg.kiu','[C@785008b9','0','administrateur','1');
/*!40000 ALTER TABLE `users` ENABLE KEYS */;
UNLOCK TABLES;
/*!40103 SET TIME_ZONE=@OLD_TIME_ZONE */;

/*!40101 SET SQL_MODE=@OLD_SQL_MODE */;
/*!40014 SET FOREIGN_KEY_CHECKS=@OLD_FOREIGN_KEY_CHECKS */;
/*!40014 SET UNIQUE_CHECKS=@OLD_UNIQUE_CHECKS */;
/*!40101 SET CHARACTER_SET_CLIENT=@OLD_CHARACTER_SET_CLIENT */;
/*!40101 SET CHARACTER_SET_RESULTS=@OLD_CHARACTER_SET_RESULTS */;
/*!40101 SET COLLATION_CONNECTION=@OLD_COLLATION_CONNECTION */;
/*!40111 SET SQL_NOTES=@OLD_SQL_NOTES */;

-- Dump completed on 2022-10-17 16:43:01
